filename,classification,MFCC_1,MFCC_2,MFCC_3,MFCC_4,MFCC_5,MFCC_6,MFCC_7,MFCC_8,MFCC_9,MFCC_10
10A40438-09AA-4A21-83B4-8119F03F7A11-1430925142-1.0-f-26-dc.wav,discomfort,-243.04227,147.07898,-74.54487,-11.9358835,0.09140924,-44.49613,1.6850333,1.3116531,-24.178078,3.4415777
d6cda191-4962-4308-9a36-46d5648a95ed-1431086262776-1.7-m-04-ch.wav,discomfort,-337.19736,116.16574,-107.52119,-16.738218,15.354076,-40.475506,7.085871,17.918938,-23.558468,-0.8206064
7b0e160e-0505-459e-8ecb-304d7afae9d2-1437486974312-1.7-m-04-dc.wav,discomfort,-340.154,188.38403,-10.891422,9.568656,21.079254,-22.42456,-1.6127093,6.264339,-13.77388,5.847576
1309B82C-F146-46F0-A723-45345AFA6EA8-1432801693-1.1-f-26-dc.wav,discomfort,-276.37875,155.99452,-78.46328,-4.101474,3.8212843,-55.568825,0.17990738,10.94126,-24.056501,-0.22795115
999bf14b-e417-4b44-b746-9253f81efe38-1430845018393-1.7-m-26-ch.wav,discomfort,-438.8197,139.43356,-4.925777,-31.982075,3.6862965,8.685968,-4.5933356,-10.4539585,-9.564993,-2.1402771
79FF400A-97E2-4701-987D-C7C850D5523C-1430089688-1.0-f-48-dc.wav,discomfort,-310.50812,161.14807,-105.978325,22.680702,32.94558,-47.241837,16.189518,9.370486,-31.824396,9.185872
D1CB71F9-EF76-49B3-A703-41D557444D21-1436863419-1.1-f-26-dc.wav,discomfort,-299.30542,133.86012,-50.97392,-5.5389447,2.2101474,-39.896038,-0.46399927,9.756227,-14.915042,-0.08279566
ae5a462b-5424-4b5b-82d5-07ccb61654ab-1431064345173-1.7-f-48-dc.wav,discomfort,-502.90662,124.43451,-83.7763,7.217885,20.29344,-41.051292,10.608169,16.773815,-22.614992,1.5590935
1309B82C-F146-46F0-A723-45345AFA6EA8-1430704008-1.0-f-48-dc.wav,discomfort,-390.97293,146.57568,-69.060234,6.703023,15.719931,-43.415028,-0.6460984,3.1366544,-23.268307,1.5806375
2294E2B2-8E36-4DA6-A898-B947CB9446AB-1436462707-1.1-m-26-dc.wav,discomfort,-322.5087,160.8898,-64.22199,13.888515,28.90027,-29.10093,7.5974665,6.8208737,-16.279488,4.7813177
1309B82C-F146-46F0-A723-45345AFA6EA8-1432801703-1.1-f-26-dc.wav,discomfort,-222.008,179.00084,-112.44293,-4.274043,13.781512,-60.755043,6.540931,14.897768,-29.143038,3.6844506
999bf14b-e417-4b44-b746-9253f81efe38-1430845035663-1.7-m-26-ch.wav,discomfort,-365.06036,178.04013,-14.668945,-37.25638,2.4032953,-12.615743,-28.926191,-16.951323,-4.5403833,-0.81128854
999bf14b-e417-4b44-b746-9253f81efe38-1430844979531-1.7-m-04-ch.wav,discomfort,-490.6153,125.829765,11.334553,-14.239931,3.3624427,0.5712993,-6.6670313,-8.22141,-9.088731,-1.7080235
d6cda191-4962-4308-9a36-46d5648a95ed-1426942891562-1.4-f-48-dc.wav,discomfort,-581.58124,136.66148,-32.963383,17.424875,33.819298,-13.615492,8.212063,14.35785,-9.198994,4.404046
64acb345-a61e-4ef3-a5a6-cf83c04b83f1-1430059012473-1.7-m-72-dc.wav,discomfort,-203.4407,130.9445,-99.90255,-28.225283,14.112868,-30.09984,2.0954766,10.667973,-19.341759,-6.548282
665BDF6D-2897-49F9-8AD0-978B3B2A0468-1430530218-1.0-m-26-dc.wav,discomfort,-503.6047,190.89609,-79.74372,2.0857656,19.61419,-46.61448,-0.44744015,5.286076,-22.781464,4.0216646
11417AC2-DCC9-48CD-8177-CA8665E51B2F-1436881512-1.1-m-48-dc.wav,discomfort,-388.00027,217.21864,-82.3737,13.368551,20.991884,-51.35856,12.088631,5.2887416,-37.97825,0.5181808
d6cda191-4962-4308-9a36-46d5648a95ed-1431161889263-1.7-m-04-dc.wav,discomfort,-484.9264,135.69832,-47.814407,-7.3410935,11.734398,-32.02735,-3.7056565,13.417252,-10.874108,-2.515216
f5b29377-7cd6-4688-942c-5a07add39dc5-1437480263225-1.7-f-26-dc.wav,discomfort,-220.80026,158.6644,-100.668785,-29.18531,0.39315686,-44.63703,3.168671,2.2286851,-27.799929,7.8817897
f258a8e2-92cd-4843-9da4-80ed26ec8e10-1436944996156-1.7-f-26-ch.wav,discomfort,-259.85352,129.98816,-99.61802,-11.887069,8.313917,-44.530956,11.741748,11.984181,-29.51487,4.5258236
1309B82C-F146-46F0-A723-45345AFA6EA8-1430703937-1.0-f-48-dc.wav,discomfort,-286.31512,133.66878,-89.02164,6.805821,19.606848,-40.16535,11.879069,9.433119,-23.693624,7.9292297
999bf14b-e417-4b44-b746-9253f81efe38-1430844994519-1.7-m-04-ch.wav,discomfort,-380.67947,146.0917,-11.02046,-32.045692,0.21864657,-11.712363,-26.917538,-16.67386,-5.401531,-3.3489459
79FF400A-97E2-4701-987D-C7C850D5523C-1430089621-1.0-f-48-dc.wav,discomfort,-446.43503,159.58403,-59.56838,12.324761,22.851336,-32.63935,5.112693,-1.029231,-28.321018,1.3934873
64acb345-a61e-4ef3-a5a6-cf83c04b83f1-1430058990597-1.7-m-72-dc.wav,discomfort,-257.66403,130.83774,-51.317085,-17.176025,6.6925426,-32.263298,-16.433838,-1.9064006,-9.053549,1.439741
a40b9b8d-e4bc-457a-badf-f38bdbc0c358-1430016981469-1.7-m-26-dc.wav,discomfort,-183.72012,180.17911,-74.44855,-11.789328,27.642103,-26.651783,4.2174587,19.097658,-15.642359,-7.551782
837fd072-8704-4196-9ff1-1d2c07886e55-1432429478471-1.7-m-22-dc.wav,discomfort,-548.968,197.02837,-36.59486,20.701195,28.46224,-38.737217,-1.3002262,13.433102,-17.85635,-1.8824972
999bf14b-e417-4b44-b746-9253f81efe38-1430844958178-1.7-m-04-ch.wav,discomfort,-448.1102,178.5246,-9.450916,-30.960052,5.754655,-2.1558497,-11.520137,-10.86168,-9.382194,-0.72458386
B2AABCE0-1F62-4B57-B58A-308959ABDFE7-1437188751-1.1-m-26-ti.wav,tired,-332.348,151.82791,-66.24621,2.9836688,26.65627,-33.877617,-6.5592957,5.1008315,-18.202547,-4.0270085
79FF400A-97E2-4701-987D-C7C850D5523C-1430089487-1.0-f-48-ti.wav,tired,-362.4159,117.89717,-67.80153,6.8412747,18.523342,-32.282257,5.480164,5.1579146,-22.040735,-2.7771842
eea17285-4ab9-4d34-a2f5-55fc8c866ac6-1431887695278-1.7-f-26-ti.wav,tired,-641.1281,172.68628,-44.93369,30.030165,36.388443,-22.874313,16.975521,8.818715,-20.43935,13.731336
7A22229D-06C2-4AAA-9674-DE5DF1906B3A-1436891957-1.1-m-72-ti.wav,tired,-335.6034,136.83118,-64.568146,6.5084243,12.319853,-41.034645,-1.4799967,-6.93496,-30.26534,3.118389
06c4cfa2-7fa6-4fda-91a1-ea186a4acc64-1430029221058-1.7-f-26-ti.wav,tired,-462.86014,90.4074,-57.04781,-17.589705,5.109109,-28.973436,-11.541092,1.3902785,-10.224934,-0.28512022
1309B82C-F146-46F0-A723-45345AFA6EA8-1430059864-1.0-f-04-ti.wav,tired,-373.48322,174.15509,-89.780655,13.069294,23.62652,-43.22698,16.783014,10.220211,-24.853378,15.905592
06c4cfa2-7fa6-4fda-91a1-ea186a4acc64-1430029237378-1.7-f-26-ti.wav,tired,-528.1904,175.0364,-79.414116,-11.804946,21.062468,-38.456985,-5.5320063,10.656869,-15.691908,-0.47254863
7A22229D-06C2-4AAA-9674-DE5DF1906B3A-1436891944-1.1-m-72-ti.wav,tired,-350.83823,141.49245,-79.3109,5.133274,18.038057,-41.840733,1.1134356,-0.27971077,-28.822016,1.058419
D4665929-8695-4655-927F-63F09B2D4CB8-1430726940-1.0-f-26-ti.wav,tired,-513.01184,117.05911,-61.350296,5.931351,23.945732,-32.265465,-9.568266,-0.9453913,-18.776632,-0.893938
1309B82C-F146-46F0-A723-45345AFA6EA8-1431172241-1.0-f-48-ti.wav,tired,-417.622,103.83063,-12.1921,-6.9810686,-0.46120802,-15.797256,-0.38308775,1.1495498,-11.39523,-7.883658
B2AABCE0-1F62-4B57-B58A-308959ABDFE7-1437188766-1.1-m-26-ti.wav,tired,-315.38907,153.9331,-84.99743,6.5689507,30.543694,-40.66053,-0.77556825,13.112302,-19.261244,-2.3363793
b4c460d8-bd6b-4017-9bb8-2ae4ff0c5af1-1430418266487-1.7-f-26-ti.wav,tired,-232.86278,171.70665,-25.333471,-5.621989,-5.885602,-43.715588,-14.894574,-12.667829,-23.865675,0.21853928
d6cda191-4962-4308-9a36-46d5648a95ed-1431587887997-1.7-m-04-ti.wav,tired,-380.0663,61.726284,-68.8864,-24.698397,2.0154533,-22.759483,1.0926459,12.652483,-5.0156364,0.81110984
cecd525b-18fd-49e3-b2b9-dfb08b93ad95-1430110029205-1.7-m-26-ti.wav,tired,-346.59085,157.67215,-48.78017,15.325209,24.386343,-36.40421,7.197873,21.421608,-17.127907,-0.98151994
C5127741-5897-468C-A543-7F1B72569F0E-1428333964-1.0-m-26-ti.wav,tired,-475.7917,154.53265,-20.968388,19.356897,15.086693,-40.476513,-16.061888,-11.408509,-28.946842,-10.60302
03ADDCFB-354E-416D-BF32-260CF47F7060-1433658024-1.1-f-04-ti.wav,tired,-279.67422,162.27522,-112.11676,-7.680763,17.254639,-54.90669,-3.392477,2.6241207,-29.13937,8.320789
5B416CE8-2591-4531-9ADC-86D085B5D48B-1430144827-1.0-m-48-ti.wav,tired,-383.993,174.5879,-46.852825,-14.939886,9.5073395,-28.837536,-10.389489,-10.119701,-24.786707,-2.9609983
06c4cfa2-7fa6-4fda-91a1-ea186a4acc64-1430029246453-1.7-f-26-ti.wav,tired,-433.07892,124.739006,-41.79544,-1.2835404,18.879486,-22.776611,-5.581901,3.2404885,-15.555841,-5.476027
C421C6FE-DFEE-4080-8AEA-848E7CE4756B-1430548384-1.0-m-26-ti.wav,tired,-321.13553,170.48514,-65.723145,-5.655853,6.118732,-39.95019,2.6969934,-6.9597054,-36.096012,-2.3002362
d6cda191-4962-4308-9a36-46d5648a95ed-1431587899682-1.7-m-04-ti.wav,tired,-325.21762,96.1426,-103.17956,-33.93178,1.4051301,-26.700644,7.861353,1.846248,-15.756838,13.6675005
C421C6FE-DFEE-4080-8AEA-848E7CE4756B-1430548393-1.0-f-26-ti.wav,tired,-329.198,184.44905,-83.2158,-11.75695,5.7471786,-44.59535,5.6412563,-0.691306,-31.927526,2.67761
ca7d8d54-13cb-4060-8db4-90651b60c078-1434674792223-1.7-f-26-ti.wav,tired,-400.51282,85.1302,-27.913208,-8.185279,4.625982,-29.755934,-20.303223,3.9498367,-2.8141973,-11.215603
d6cda191-4962-4308-9a36-46d5648a95ed-1431616581736-1.7-m-04-ti.wav,tired,-329.403,143.60612,-114.659454,-0.98058814,14.824444,-61.851677,6.079242,19.37013,-29.968555,-1.3236346
d5abedab-9ed5-48d0-a83b-fc00c33d6d6b-1430079192907-1.7-f-04-ti.wav,tired,-546.9676,85.526245,-54.673,-0.8824023,26.016548,-19.258656,-8.640649,3.7465558,-12.391716,-2.044409
69BDA5D6-0276-4462-9BF7-951799563728-1436936185-1.1-m-26-bp.wav,belly_pain,-245.95934,140.69281,-62.61068,-7.8003626,-2.1664462,-43.767433,-1.1007462,-2.455853,-19.794733,10.167276
d6cda191-4962-4308-9a36-46d5648a95ed-1431700390946-1.7-m-04-bp.wav,belly_pain,-229.51825,142.87279,-150.60011,9.266009,37.796646,-60.810772,11.238879,21.25779,-39.56161,-3.431388
ae5f103b-5fee-442f-bb1b-d9d0570c46ab-1431533857965-1.7-m-26-bp.wav,belly_pain,-432.62927,120.65352,-22.328737,12.266427,15.399782,-24.356184,0.14575277,6.6606627,-12.175415,-0.731743
643D64AD-B711-469A-AF69-55C0D5D3E30F-1430138495-1.0-m-72-bp.wav,belly_pain,-496.82108,150.72594,-56.86125,-0.4118914,13.099052,-32.89391,-2.0094957,-6.7862945,-27.024174,-0.11144262
643D64AD-B711-469A-AF69-55C0D5D3E30F-1430138536-1.0-m-72-bp.wav,belly_pain,-382.75143,143.7204,-76.77189,0.6978472,9.975702,-47.1552,0.122204006,1.5716838,-27.088207,3.7000594
999bf14b-e417-4b44-b746-9253f81efe38-1430974001343-1.7-m-26-bp.wav,belly_pain,-424.96246,146.32152,-71.411125,-10.220897,25.967686,-40.226376,-20.935383,17.614527,-0.90601,-7.033722
C421C6FE-DFEE-4080-8AEA-848E7CE4756B-1430548333-1.0-f-26-bp.wav,belly_pain,-409.53317,188.9844,-98.38361,4.3765216,18.664122,-51.29949,7.7387033,1.2702762,-36.15574,4.666885
643D64AD-B711-469A-AF69-55C0D5D3E30F-1430138506-1.0-m-72-bp.wav,belly_pain,-420.8482,152.88312,-56.196068,-6.3674965,6.0892043,-39.988014,-7.359906,-5.5757446,-26.044895,-2.9632988
643D64AD-B711-469A-AF69-55C0D5D3E30F-1430138647-1.0-m-72-bp.wav,belly_pain,-388.3503,122.677734,-51.2411,11.015185,0.075008824,-47.401638,-0.5609539,-9.442456,-33.26309,0.72457874
643D64AD-B711-469A-AF69-55C0D5D3E30F-1430138591-1.0-m-72-bp.wav,belly_pain,-432.04102,92.13451,-0.9409855,-7.932285,-5.543688,-19.743633,-14.239125,-11.76201,-17.722025,-13.418498
d6cda191-4962-4308-9a36-46d5648a95ed-1431159262344-1.7-m-04-bp.wav,belly_pain,-395.84424,148.65533,-110.64311,-13.160523,19.919676,-40.894672,9.511747,13.925347,-28.45374,0.0051649963
643D64AD-B711-469A-AF69-55C0D5D3E30F-1430138524-1.0-m-72-bp.wav,belly_pain,-310.27643,170.54625,-66.570526,5.4694333,11.205346,-51.363796,-9.742393,-10.510045,-33.26374,0.44367972
643D64AD-B711-469A-AF69-55C0D5D3E30F-1430138545-1.0-m-72-bp.wav,belly_pain,-389.2365,129.74026,-44.717102,4.8714333,5.093112,-39.495594,-7.2480874,-11.708909,-30.877502,-4.8803787
549a46d8-9c84-430e-ade8-97eae2bef787-1430130772174-1.7-m-48-bp.wav,belly_pain,-497.13657,110.352684,-51.18868,-15.029148,11.0090685,-27.145973,-11.384688,5.3642535,-11.978532,-6.3322678
643D64AD-B711-469A-AF69-55C0D5D3E30F-1430138514-1.0-m-72-bp.wav,belly_pain,-382.52136,163.47485,-71.05875,-8.060858,7.6952186,-44.04005,-5.9040146,-7.6900415,-32.529472,-0.48071745
d6cda191-4962-4308-9a36-46d5648a95ed-1431159272600-1.7-m-04-bp.wav,belly_pain,-358.01636,146.61713,-126.31788,-15.289594,16.392408,-49.24012,13.714256,20.25742,-30.05607,-0.5411145
79FF400A-97E2-4701-987D-C7C850D5523C-1430089648-1.0-f-48-bu.wav,burping,-363.87943,126.93348,-68.3643,6.5357146,27.308681,-28.471369,-3.4555578,0.55116445,-16.462881,1.1943076
af30880e-5f98-4dc0-b37a-be6b21fa0ba3-1431240072536-1.7-m-26-bu.wav,burping,-211.52835,148.03893,-116.93793,11.443094,38.343323,-56.82827,-13.192639,0.33998966,-31.195627,6.6255136
5afc6a14-a9d8-45f8-b31d-c79dd87cc8c6-1430757039803-1.7-m-48-bu.wav,burping,-232.08612,143.85428,-145.75955,7.3794,24.105143,-59.74804,23.601389,19.05199,-40.10632,4.1827593
7E4B9C14-F955-4BED-9B03-7F3096A6CBFF-1430540826-1.0-f-26-bu.wav,burping,-244.97653,120.40436,-98.650505,-7.539179,21.071802,-33.580746,10.337828,14.6921,-21.814756,-0.67207384
F24DE44B-762C-4149-AC92-96A5E57ED118-1430816949-1.0-m-04-bu.wav,burping,-354.24875,111.98898,-8.349384,-2.4717612,-5.9526434,-28.81577,-12.773857,-14.303062,-21.703747,-5.7833886
7A864194-4B6B-4850-ABBF-0C2A8170107B-1436846915-1.1-f-26-bu.wav,burping,-400.8677,189.14201,-82.30913,0.484125,23.052485,-38.971283,5.4467874,4.866435,-27.056385,1.7027684
7E4B9C14-F955-4BED-9B03-7F3096A6CBFF-1430232208-1.0-f-26-bu.wav,burping,-294.96103,110.35376,-62.603294,-2.8437686,9.908444,-36.82714,-3.252234,4.929862,-18.03281,-1.1259478
AEA8AE04-D00E-48A7-8A0B-6D87E2175121-1430563241-1.0-f-72-bu.wav,burping,-323.67352,128.01878,-63.651928,24.335173,22.729961,-47.177658,0.67798036,6.133494,-26.40534,2.126114
19aae3d1-51c6-4ffb-aeb8-efb6ae7ba83e-1436861395462-1.7-m-48-hu.wav,hungry,-384.63696,125.615074,-33.34975,-15.883884,-3.019292,-29.135765,-2.2872126,8.048962,-12.68294,-4.1616025
aaa57dbd-7b88-454a-963e-6faa2f4ed4e7-1437166513710-1.7-f-04-hu.wav,hungry,-379.0254,101.75348,-67.50445,-6.551636,7.7021904,-32.85872,-0.68199694,-2.3762698,-21.163052,6.8056784
cde108d0-62c3-47f8-82c4-233c9fba5cdd-1436884444242-1.7-m-48-hu.wav,hungry,-223.76573,159.787,-116.40406,10.821609,30.047224,-60.623653,4.1961045,17.676472,-35.255608,-3.3947232
990DE219-FCD1-4634-91CE-19AB93E5D2B0-1430214575-1.0-m-04-hu.wav,hungry,-407.47058,223.35565,-104.93793,-3.028842,21.2564,-46.09975,12.456519,1.4110795,-37.236794,4.408958
10A40438-09AA-4A21-83B4-8119F03F7A11-1430848070-1.0-f-26-hu.wav,hungry,-241.04817,156.04126,-116.099464,23.610725,27.109041,-58.40942,20.69261,18.612745,-30.972378,8.7048
ae5a462b-5424-4b5b-82d5-07ccb61654ab-1430405436291-1.7-f-04-hu.wav,hungry,-574.55457,148.56627,-40.944534,15.91434,24.082584,-21.662151,16.120968,11.604328,-22.004091,2.3659565
08E9485B-2772-444B-A636-77E14DD14A8C-1431493441-1.0-m-04-hu.wav,hungry,-362.37885,78.28238,-36.586422,-11.471833,3.9181445,-17.156082,-1.2651455,4.057655,-9.898845,-5.925082
2602b7c2-e96d-42f6-9767-f1ae74925ef8-1431376228657-1.7-f-22-hu.wav,hungry,-451.88797,152.28941,-44.483707,-4.6906953,13.169742,-30.75567,-3.844202,2.7176578,-24.248848,-7.696294
0776b33b-c41a-4a2e-8b9c-f1c184be00c8-1437123838264-1.7-f-26-hu.wav,hungry,-203.18146,184.28714,-94.51449,-10.970379,28.232592,-27.902946,3.3191369,-8.560036,-38.55751,3.146751
40a4c760-facf-4911-b0a6-22eccc3ab18d-1430477691332-1.7-f-26-hu.wav,hungry,-197.77419,169.48364,-63.799515,16.41472,15.255041,-39.90676,18.130526,6.793782,-30.113909,4.5058823
11417AC2-DCC9-48CD-8177-CA8665E51B2F-1436881489-1.1-m-48-hu.wav,hungry,-337.64786,205.39084,-103.57989,18.930737,25.270098,-59.105907,16.202446,12.957028,-36.638218,3.555685
FF2CD2F6-404D-4626-8718-6E6C751F63B8-1431104346-1.0-m-04-hu.wav,hungry,-348.69724,175.62645,-59.883564,-10.467994,5.1539855,-43.598686,-15.4183855,-12.412685,-20.263348,4.559884
9CFD61B9-BF13-406D-8B2F-F73CFAAF25CB-1430927728-1.0-f-04-hu.wav,hungry,-316.65872,200.55164,-27.80451,17.26466,29.794842,-25.09787,-1.6180336,-1.0760751,-21.588417,-0.8177177
d79affbc-f7b4-4ef0-ae57-be5da4b827bf-1430761514476-1.7-m-72-hu.wav,hungry,-480.14618,154.37384,-44.234154,-4.0016155,19.85929,-34.211613,-14.435948,9.545054,-12.065406,-6.0240364
24f94b49-c8bc-4ed2-b43a-80b099f12936-1430534429690-1.7-m-04-hu.wav,hungry,-255.18317,188.23854,-63.307796,-4.4756794,30.46548,-25.215137,2.5267413,13.831503,-16.999426,-2.9573898
2ad6d558-32f2-4bfd-99c5-cbd31ee3bb11-1430064396119-1.7-m-72-hu.wav,hungry,-355.58063,155.09016,-35.446045,-5.642869,-9.680481,-50.43334,-9.270472,-2.607026,-21.663097,4.111891
5C2F730C-9721-40B7-A2D8-C257DB518978-1429966336-1.0-m-04-hu.wav,hungry,-343.4198,138.93706,-51.992023,11.342434,1.6100323,-56.297283,-6.094284,-0.4148232,-25.219181,6.372409
cda99fcf-d010-47b4-8987-f54be313ddbd-1429973787766-1.7-f-26-hu.wav,hungry,-402.4097,185.44421,-61.08944,-32.562126,3.8909156,-20.16124,7.635997,6.8045754,-14.135185,1.1585426
86c2b87a-ae7c-46a3-b6fb-7ebe748812cf-1430036547966-1.7-m-04-hu.wav,hungry,-276.16998,189.56232,-53.791763,13.612852,25.339201,-38.547165,-2.422479,1.1289207,-22.589392,5.1148634
3DF341FA-E90B-4335-A51A-A9B0769150CE-1436859277-1.1-m-04-hu.wav,hungry,-314.7341,148.35397,-67.7765,15.494818,28.45314,-31.443909,3.5222266,-4.3724504,-28.622614,3.5516987
743E7CCA-D32B-40B6-9541-9808122D3F6B-1436860011-1.1-f-26-hu.wav,hungry,-219.49017,142.64455,-102.52573,13.046119,30.6089,-39.533287,11.743274,4.2379427,-30.899939,6.3928022
F4A0C710-AC2D-42E0-8EA9-3E4CAC31EE20-1430318390-1.0-m-04-hu.wav,hungry,-337.03955,145.64119,-72.63979,-11.366765,6.836058,-40.607716,0.7688528,9.940696,-17.093819,-1.6667612
7A864194-4B6B-4850-ABBF-0C2A8170107B-1436846797-1.1-f-26-hu.wav,hungry,-290.79532,137.6703,-68.41097,-3.7260718,9.368552,-33.66926,6.5517964,-0.8827053,-28.3459,-1.0572942
8f4dbf5a-b504-4452-b6ac-94e646a6a052-1430735157938-1.7-f-72-hu.wav,hungry,-445.4639,133.46748,-63.1995,6.035473,9.823142,-41.46869,10.000062,14.765919,-18.699411,3.8799825
6d922623-8424-4625-be4c-4964e0c9e25c-1434898452774-1.7-m-04-hu.wav,hungry,-322.97125,145.53836,18.08427,0.39992437,-4.6101823,-22.094889,-10.183532,-6.4156437,-11.53074,-5.456302
6639C63C-F634-489C-91B3-E3DB5930EFD5-1431370257-1.1-m-04-hu.wav,hungry,-327.4225,127.38597,-44.224537,-5.461844,10.651891,-38.671104,-26.966467,-16.143593,-23.131767,-2.23717
3BF71DAF-2A9E-4355-89D3-41AC37E94083-1437281306-1.1-f-26-hu.wav,hungry,-458.49146,159.72552,-67.371,11.343815,22.456545,-44.9293,0.9870648,13.660214,-23.482677,-8.116022
8FDA58A7-FDC6-4421-855F-738E6E853E43-1429895751-1.0-m-26-hu.wav,hungry,-332.41864,94.96436,-63.847095,-27.621386,10.352226,-10.112438,-3.3456693,-3.8879879,-8.587493,6.0495143
10A40438-09AA-4A21-83B4-8119F03F7A11-1430848060-1.0-f-26-hu.wav,hungry,-242.48538,158.90106,-101.441895,11.0977745,12.64048,-61.79589,10.55988,11.246137,-30.383928,7.8928523
2e25d0a5-0b2b-44ef-8491-e445b16ea75c-1430056332640-1.7-f-26-hu.wav,hungry,-569.05707,136.0089,-55.55347,-7.6723776,8.1436205,-31.883024,-0.78519326,0.8157404,-20.297922,2.1226883
edb5924c-07ba-4eaa-838b-aaf9511a219b-1431899400326-1.7-m-48-hu.wav,hungry,-317.8277,149.31654,-51.02666,-26.471586,5.2494016,-15.341696,5.9126086,5.2891827,-12.915163,1.9765475
24f94b49-c8bc-4ed2-b43a-80b099f12936-1430534715095-1.7-m-04-hu.wav,hungry,-243.2937,204.21344,-74.12425,9.324413,53.520947,-22.173397,-2.2264154,12.641331,-16.507364,-2.0221488
FF482278-24C9-4FB0-A7BE-FD92D1FE17B4-1430028319-1.0-m-26-hu.wav,hungry,-297.66638,146.00461,-56.195087,-9.717368,-1.035883,-46.702885,-7.386177,6.337372,-12.3344755,3.4910202
7fd72d70-07c4-40a0-85e9-c91df9bdefb2-1430994916704-1.7-f-04-hu.wav,hungry,-493.4128,52.736115,-25.444254,-7.7696776,8.945681,-4.534073,-3.139438,-2.6824596,-5.088688,0.23196246
459c3f85-5710-4efa-bcc9-8012aa1af55e-1430034880215-1.7-f-48-hu.wav,hungry,-419.4171,92.90276,-56.456657,-2.6522233,12.948149,-25.195517,7.782143,14.197752,-17.750528,-6.206302
89964233-cbdb-4f34-a819-5f4b5ce3f5f5-1430049852345-1.7-f-04-hu.wav,hungry,-279.33966,162.70517,-71.671745,7.4951353,22.897104,-47.67811,2.3256996,20.385738,-27.57351,-11.7511
e0cc5beb-50e5-46ef-852e-c92106216e62-1430143334661-1.7-m-04-hu.wav,hungry,-440.62064,172.80225,-114.864815,-5.071217,20.894543,-53.79499,6.96424,13.974169,-29.80671,6.573519
70d30513-0ec3-49e4-9976-e85785e85c2d-1431033390358-1.7-m-04-hu.wav,hungry,-411.9405,84.88665,-48.620068,1.1668916,5.294765,-29.58431,4.355889,5.3139396,-16.921947,2.792842
CC8771B1-C84E-4223-A010-029A7629A975-1434107299-1.1-f-04-hu.wav,hungry,-421.51514,152.46217,-83.81695,-6.8279333,15.256166,-40.627132,-4.8745627,-2.7846336,-20.5982,7.7447414
AE02C934-F4E5-4C73-818D-56AA6887EC18-1430279454-1.0-m-26-hu.wav,hungry,-551.74023,164.37555,-91.23165,-0.048349343,20.461176,-35.347603,13.9386835,4.6221676,-27.878036,6.61011
e37c323c-0edb-4942-be47-3cc0b2de00a1-1434392936735-1.7-f-26-hu.wav,hungry,-387.35492,115.36614,-57.29481,-16.680794,4.1336365,-36.199276,-7.332485,14.955268,-5.279321,-1.7112246
8C13A1F9-62CC-46AA-9192-BECE5CDD5CB0-1430249362-1.0-f-72-hu.wav,hungry,-484.90906,79.11702,-16.340034,-7.515777,1.2678536,-14.338193,-6.573546,-5.039511,-10.610082,-5.556901
fa8620d3-e7db-4101-aff0-28dbf0d96a5f-1434296505682-1.7-f-04-hu.wav,hungry,-361.68677,104.14112,-52.00978,-44.713676,-16.531855,-23.276628,-3.2594795,4.9740386,-6.8382616,-4.7198534
86c2b87a-ae7c-46a3-b6fb-7ebe748812cf-1430036593222-1.7-f-26-hu.wav,hungry,-280.64835,188.58778,-34.556934,2.3940308,12.008326,-34.39159,-2.5720315,1.4286218,-18.931837,2.1300242
5f651112-d2a3-4911-b3a5-f37bfc092494-1430734658837-1.7-m-72-hu.wav,hungry,-304.5653,132.93922,-40.439323,11.971021,22.737606,-44.03974,-27.7978,-9.519728,-29.264906,-11.672647
3bb2445a-9ae9-4dc8-9a2e-86c696ffa405-1430123758633-1.7-m-26-hu.wav,hungry,-292.4953,169.24232,-81.65267,3.7179499,27.107904,-47.547535,-6.3137646,8.916793,-28.559446,-4.498866
3bb2445a-9ae9-4dc8-9a2e-86c696ffa405-1430122479873-1.7-m-26-hu.wav,hungry,-357.2234,165.4724,-42.661213,3.296683,16.690731,-35.976295,-5.1291456,3.7118723,-22.88283,-1.3838786
045C5483-69E1-4BEC-B1D8-9286D174B9B2-1430102996-1.0-m-04-hu.wav,hungry,-297.8267,106.28411,-30.886873,-6.0058846,7.371016,-24.003618,-16.717075,-11.611986,-13.594374,-4.8366375
DCB33551-F9BA-4B4A-8DA1-A3107E1AD859-1430406483-1.0-m-04-hu.wav,hungry,-248.12392,130.63806,-52.646885,-0.5743128,24.181065,-19.883087,-0.36635283,7.3735375,-9.602534,0.5508942
189b78c6-9e78-43f2-bcb8-6cc8a462f4dc-1430807938301-1.7-m-22-hu.wav,hungry,-323.71085,124.66575,-32.55385,-4.997398,4.010569,-34.275764,-13.392897,-2.2180815,-18.623827,-11.275522
be21ef2a-a415-4e8b-bfe6-731bf9956e2c-1431320909516-1.7-f-26-hu.wav,hungry,-330.80743,122.15955,-75.9376,-13.580501,15.775271,-33.52528,-3.951276,14.090648,-12.315771,-8.0444975
64acb345-a61e-4ef3-a5a6-cf83c04b83f1-1430058973897-1.7-m-72-hu.wav,hungry,-252.92586,133.26393,-53.902527,-7.003758,4.7055774,-40.60775,-8.477318,0.21683203,-20.340158,0.3018594
70d30513-0ec3-49e4-9976-e85785e85c2d-1431033372810-1.7-m-04-hu.wav,hungry,-413.03156,110.74822,-42.62364,13.994996,12.499853,-28.116285,9.990024,5.3055534,-16.959372,6.757652
aaa57dbd-7b88-454a-963e-6faa2f4ed4e7-1436982066128-1.7-f-04-hu.wav,hungry,-520.2641,94.000984,-14.080362,-15.510779,-0.5774651,-16.082796,-14.383227,-4.686731,-3.5359206,-0.51131225
539FDD32-6326-422E-A707-FCF063D3426C-1437073534-1.1-f-26-hu.wav,hungry,-271.3651,165.1168,-77.63998,21.193375,27.622293,-55.895073,-4.5556536,9.417822,-27.522474,-1.4713603
30c2cee4-b682-4dcb-86b9-7fa6f36f1b66-1430728411287-1.7-f-72-hu.wav,hungry,-321.22916,102.361244,-94.98764,-11.215728,10.1306505,-33.142403,6.926463,-0.06177452,-20.128635,13.862768
d6cda191-4962-4308-9a36-46d5648a95ed-1430640304482-1.7-m-04-hu.wav,hungry,-341.7767,128.59125,-113.92871,-21.310892,8.791136,-37.317146,17.888237,12.150777,-30.016256,2.116469
218e6fd7-f9c5-4490-afd7-c4fba174e7d2-1430209252819-1.7-m-72-hu.wav,hungry,-506.03293,121.74145,-13.403855,16.39306,20.768972,-16.56777,-1.1189823,0.23538058,-14.096249,0.08454292
c42e76b9-a4c1-48f6-a91d-27ab83015874-1430737177322-1.7-f-72-hu.wav,hungry,-387.42297,58.23592,-44.06886,-10.497212,0.07646382,-21.956347,-4.425803,-4.0552497,-11.135877,6.77392
2562ad82-485a-44c2-ad25-f70fce71480b-1430045593479-1.7-m-72-hu.wav,hungry,-260.85248,126.51753,-74.877495,2.1153924,28.559366,-24.259125,7.936653,14.437713,-13.327169,3.3773608
c10e2b0f-0cb8-4485-b82f-d453edf97db7-1430739179429-1.7-f-26-hu.wav,hungry,-342.29733,134.58598,-96.153435,19.474487,27.600245,-68.4863,-5.761167,27.52675,-23.537971,-10.155028
7A864194-4B6B-4850-ABBF-0C2A8170107B-1436846870-1.1-f-26-hu.wav,hungry,-270.9135,131.48479,-73.55648,-10.745408,11.859405,-30.212528,2.1081383,1.2687871,-20.127365,0.6970132
2a0e6a88-b049-4f46-a3d6-d73ffae470d5-1430770161530-1.7-m-04-hu.wav,hungry,-303.72748,157.96597,-66.09788,-7.254351,14.169516,-35.292797,-4.4018745,1.9807178,-14.34466,5.624567
22b43570-d440-475b-b2f1-e528c81081f7-1430663490095-1.7-m-04-hu.wav,hungry,-368.3821,163.89581,-21.174532,25.932732,43.603138,-7.6047983,1.0033026,-1.3637805,-15.127923,3.1459582
E2C4BCE0-99FD-49EC-8AB1-5EA5DF7DD8C5-1430042952-1.0-m-04-hu.wav,hungry,-373.26102,143.27815,-50.31456,6.769872,9.856411,-42.821747,-1.8062901,3.5573568,-26.621,-7.88046
ad7fd28b-3e85-4e9b-9e18-af4bda64c60f-1430756389867-1.7-m-72-hu.wav,hungry,-300.52502,164.5237,-79.72466,-22.516447,20.687176,-36.456635,-17.627115,6.2604303,-14.128633,-7.7035365
459c3f85-5710-4efa-bcc9-8012aa1af55e-1430034895673-1.7-f-48-hu.wav,hungry,-325.4859,153.35617,-125.89794,-15.356644,18.270048,-51.616997,5.4543533,17.912817,-23.363869,-0.022667238
F3BAEDDA-CDC0-4A65-90EE-5C372CEE4F3B-1437012059-1.1-m-26-hu.wav,hungry,-298.53308,167.96661,-87.8103,13.669754,33.323147,-39.455463,3.5734577,4.8898244,-22.778524,8.159018
B327333E-2DE2-4833-A75A-4C576208BED3-1430087429-1.0-f-48-hu.wav,hungry,-397.30978,176.14018,-60.59256,4.114549,24.785395,-28.046326,7.1047096,5.8298187,-24.199987,-0.52253944
D833237F-1F7C-4338-BEDE-84C0CF5F4145-1430083995-1.0-f-26-hu.wav,hungry,-347.8918,155.58409,-44.600224,-22.522207,-7.867965,-49.39607,-22.320429,2.811163,-8.640056,-6.044397
5728DDD6-149B-412F-A14B-C29B9B5E415F-1432635069-1.0-m-26-hu.wav,hungry,-304.47156,153.2724,-63.2046,-0.6576912,19.17292,-33.05075,1.7227521,10.764453,-15.00891,-1.2026498
DCB33551-F9BA-4B4A-8DA1-A3107E1AD859-1430406495-1.0-m-04-hu.wav,hungry,-248.57623,163.51822,-98.04968,17.924028,40.647854,-32.689346,17.459682,12.5674715,-25.556942,11.3682995
AA2CA7F6-4547-4CC0-AA4C-5D7B64727FB5-1437123487-1.1-f-26-hu.wav,hungry,-288.268,163.03456,-132.361,8.890852,36.52068,-54.94984,13.070179,24.089785,-32.381992,2.3942423
375308C6-F894-49A5-B246-8C2819E9C6ED-1430416651-1.0-m-04-hu.wav,hungry,-487.5884,153.28526,-69.20451,4.2444897,17.282349,-41.913857,-3.7490788,-2.802949,-30.49264,-2.551271
9fe37482-6a64-401d-b8b9-3e47d6ed9ac0-1430047362195-1.7-f-26-hu.wav,hungry,-379.4623,137.4254,-46.311264,-18.184937,3.69098,-38.24036,-24.148933,-1.9110836,-3.3417897,4.442932
d1e236a0-e030-4137-9030-5625026cd098-1430477951092-1.2-m-04-hu.wav,hungry,-336.0745,122.23258,-22.181398,-38.37715,-29.698503,-32.177864,-2.3205142,5.373566,-15.543854,-10.552172
8c920fd0-fa9f-4926-bcac-074767dcbfcd-1436856382717-1.7-m-04-hu.wav,hungry,-448.38828,170.05132,-42.09234,-34.806644,4.436672,-21.078068,-13.724618,0.2222701,-13.625936,-13.118274
9CFD61B9-BF13-406D-8B2F-F73CFAAF25CB-1430927716-1.0-f-04-hu.wav,hungry,-355.50186,159.0922,-49.576126,9.341218,21.22079,-30.782236,3.4164906,7.97244,-15.499537,2.0461657
50DC5FBC-AC95-44F2-B55F-E4E5FB03AC96-1430007668-1.0-m-26-hu.wav,hungry,-322.54166,110.10714,-71.2969,-11.705205,11.244685,-35.204987,-10.164557,1.5214164,-12.073812,2.8579948
bb2bdafb-0477-4be4-8c41-1a6192e8c6d4-1430637663087-1.7-m-72-hu.wav,hungry,-290.8448,144.49454,-44.962334,4.996816,12.977826,-33.608665,-10.757263,-14.711628,-22.37883,6.5569873
D1CB71F9-EF76-49B3-A703-41D557444D21-1436863375-1.1-m-04-hu.wav,hungry,-286.8798,128.40598,-93.1542,8.998747,27.86967,-31.162565,14.170834,4.8678026,-25.160957,11.614876
7E4B9C14-F955-4BED-9B03-7F3096A6CBFF-1430232166-1.0-f-26-hu.wav,hungry,-344.32034,112.56838,-54.425537,-18.93764,-4.617432,-37.103043,-10.034698,-0.8093832,-15.986236,-6.0473967
4be720ce-a5e5-4a48-930f-a212f8a239f6-1434737694572-1.7-f-48-hu.wav,hungry,-493.79462,75.05261,-8.200063,-5.5333023,0.51651347,-9.287127,2.3037212,1.6616313,-10.585048,-3.7697332
AE02C934-F4E5-4C73-818D-56AA6887EC18-1430279441-1.0-m-26-hu.wav,hungry,-343.05313,106.80077,-68.52785,-5.4672704,0.14330412,-39.86954,12.993174,16.846151,-21.551016,-9.05839
b8fe4527-5e46-437f-897d-be32112bc1c8-1430166086647-1.7-f-48-hu.wav,hungry,-464.87244,71.455666,11.809417,9.603922,0.24527931,-24.272327,-15.62698,-0.6201562,-7.905606,-12.336817
50DC5FBC-AC95-44F2-B55F-E4E5FB03AC96-1430007691-1.0-m-26-hu.wav,hungry,-324.08957,136.4152,-108.53627,-5.3243527,29.79575,-38.144608,-4.262574,3.6113787,-17.520868,7.766503
ed31b187-34af-4ff1-979c-3b8a5905fb7b-1430045366784-1.7-f-04-hu.wav,hungry,-399.87503,178.4738,-75.21101,-8.372083,11.45683,-37.06179,11.343292,10.083634,-25.146044,1.5901301
2439388A-9CF2-4D3B-9534-E6951FC9EAD4-1436877933-1.1-m-26-hu.wav,hungry,-351.00296,89.096985,-10.209608,-8.67265,4.1675444,-12.307484,-10.385631,-4.5295935,-9.490711,-6.6194572
539FDD32-6326-422E-A707-FCF063D3426C-1437073544-1.1-f-26-hu.wav,hungry,-273.8672,129.88347,-47.676624,8.615069,13.679794,-39.474186,-7.9686956,-0.40296265,-21.309845,-3.6071055
adb53808-8b13-4c08-b055-6653c75298be-1430133982281-1.7-m-72-hu.wav,hungry,-334.94397,174.25758,-71.99818,-1.0384032,32.150116,-30.832031,0.41344756,20.775116,-9.358258,-2.8455458
ed31b187-34af-4ff1-979c-3b8a5905fb7b-1430044853892-1.7-f-04-hu.wav,hungry,-371.08987,146.17403,-56.04328,-3.4483922,18.682522,-25.005241,1.5059062,-0.07122504,-24.587053,1.7832961
8c66887c-8251-49fa-903b-c02d56405f58-1436856137837-1.7-m-26-hu.wav,hungry,-407.27188,119.845695,-53.283585,-22.484573,-6.8576236,-31.194578,-1.8145258,-0.21093373,-13.041281,5.840411
ca7d8d54-13cb-4060-8db4-90651b60c078-1434674769219-1.7-f-26-hu.wav,hungry,-391.20398,95.348755,-36.15418,-6.7697797,3.418218,-32.59021,-11.11302,6.893763,-9.315025,-8.741006
7b0e160e-0505-459e-8ecb-304d7afae9d2-1437486941311-1.7-m-04-hu.wav,hungry,-321.36487,190.88875,-6.8800116,11.022196,17.273392,-27.458862,-2.4082346,8.300732,-13.437005,3.4566166
A123AD65-38D3-4A65-AB37-330034765840-1430093699-1.0-m-04-hu.wav,hungry,-380.6264,171.71944,-41.80928,11.885696,33.211914,-20.840946,-1.5934314,2.0144072,-19.292122,-5.76564
b5044f9a-6f2e-44fc-8e04-9076a988acf2-1435544527174-1.7-m-04-hu.wav,hungry,-473.79053,145.90341,18.526688,24.506521,11.046299,-13.65274,12.940589,7.493334,-10.395369,6.113069
A123AD65-38D3-4A65-AB37-330034765840-1430093726-1.0-m-04-hu.wav,hungry,-378.16174,187.13126,-46.182796,11.231274,26.831007,-23.613142,8.358717,1.193884,-26.96119,-1.39791
39180491-e076-4300-b5de-24e812dca6fe-1435708371348-1.7-f-04-hu.wav,hungry,-385.80908,131.11568,-64.28813,2.0392184,11.907095,-42.43523,-1.995237,5.0136795,-24.191572,-1.8037248
edb5924c-07ba-4eaa-838b-aaf9511a219b-1431894189631-1.7-m-48-hu.wav,hungry,-304.868,119.0446,-46.831474,-4.647454,6.731232,-33.385353,-1.8980519,10.089319,-13.9420595,-6.929433
FF2CD2F6-404D-4626-8718-6E6C751F63B8-1431104360-1.0-m-04-hu.wav,hungry,-310.98972,153.0881,-63.545723,-12.478186,6.2086134,-39.107162,-11.5252695,-7.080219,-17.951033,4.6821637
d6cda191-4962-4308-9a36-46d5648a95ed-1431882032820-1.7-m-04-hu.wav,hungry,-268.42505,159.96896,-135.63887,-14.8923855,28.97378,-44.934742,7.808195,14.51197,-32.716747,-0.5516598
DBA77EDC-D457-4B3A-83B8-B7AFBF272D4E-1436860486-1.1-m-72-hu.wav,hungry,-335.93835,176.15886,-60.948746,-1.9686625,20.100294,-27.588175,7.236404,6.067786,-21.741026,-1.6852504
7B924575-21FC-462A-969E-BABB46D1CBF5-1430055220-1.0-f-72-hu.wav,hungry,-502.79605,120.5075,-28.239388,3.1532269,10.5622,-23.265095,-1.9662077,-3.084665,-22.85435,-7.819394
743E7CCA-D32B-40B6-9541-9808122D3F6B-1436860028-1.1-f-26-hu.wav,hungry,-281.40103,130.34142,-70.534584,14.240909,16.502357,-41.61979,3.1968493,-2.3825946,-23.636282,13.034607
69374818-7b73-48ac-8200-e6a225e293fb-1430746080630-1.7-m-04-hu.wav,hungry,-233.31123,151.39056,-81.65829,-17.718597,19.54836,-31.742834,-9.958788,-0.06946348,-20.077433,-7.861998
602b06a7-31f0-4370-b35a-9cc81d205958-1430907796431-1.7-f-72-hu.wav,hungry,-388.26227,97.90891,-21.225554,-11.448751,4.5625944,-18.907421,-14.077242,-5.1016126,-11.671653,-8.193967
4cefc13c-e7c0-4b5a-bddb-c40c103e640a-1431583470764-1.7-f-26-hu.wav,hungry,-358.8942,96.23122,-23.976038,-6.189562,-6.2451415,-36.218662,-9.13106,3.5171652,-18.228903,-12.161148
efd13da0-d40e-48bc-b14e-dee28af4d3c6-1430728179252-1.7-m-22-hu.wav,hungry,-360.947,116.13909,-34.662586,-4.297233,19.110495,-20.422585,-15.55422,-5.875415,-19.001282,-7.8357444
DB95BF4A-E3E5-4429-A660-DBBCF486E6DF-1430664611-1.0-f-72-hu.wav,hungry,-463.77368,148.34918,-74.78181,-13.469832,13.816665,-30.799154,-5.882079,-11.262895,-24.276339,12.135875
c6fd9d60-0fa7-44c0-b3ce-0192527d7b81-1430068155237-1.7-m-72-hu.wav,hungry,-353.01938,126.82276,-65.41547,-14.916284,8.817995,-31.331564,-4.2496185,0.3591994,-22.027042,-3.5738873
D18A30C6-4370-4BE0-83F8-031892F96603-1432989796-1.1-f-04-hu.wav,hungry,-310.64386,118.45005,-58.95284,-12.116147,4.817618,-24.654705,9.592692,1.6527815,-28.335588,-4.2766256
46002244-7304-45DC-BF69-B6EC2BB25009-1436902364-1.1-f-48-hu.wav,hungry,-484.88153,164.08096,-81.39197,-6.725729,13.605511,-37.46285,10.056521,7.50244,-29.047443,-2.702039
177dc72e-d0f8-47ef-a5a7-3b46878e11a0-1430736549614-1.7-f-26-hu.wav,hungry,-231.13895,153.83208,-58.904427,-5.285265,20.432766,-37.0754,-14.239094,2.2165134,-21.835733,-7.3367906
9fe37482-6a64-401d-b8b9-3e47d6ed9ac0-1430047373513-1.7-f-26-hu.wav,hungry,-352.63574,122.62795,-54.543327,-30.235489,2.2311718,-24.368507,-13.416135,-4.246266,-10.86699,2.7434487
8b1faa77-e3ac-48af-bf2a-58aadebefcba-1436798541805-1.7-m-04-hu.wav,hungry,-439.93158,49.43407,-6.550622,-2.1283956,0.23074357,-6.772357,7.7448487,10.02153,-4.7788515,-4.9236565
64acb345-a61e-4ef3-a5a6-cf83c04b83f1-1430045478300-1.7-m-72-hu.wav,hungry,-259.06763,138.44649,-34.710197,-15.864394,-1.3638078,-32.011986,-15.655898,-10.171501,-17.599592,-0.57880217
C249BCDD-0F65-4D6A-82BE-43C4006E3DDB-1436891742-1.1-m-72-hu.wav,hungry,-361.08392,125.49972,-59.54761,3.3051164,16.951653,-38.893906,-13.202102,-4.9355865,-21.370907,-1.3308281
3bb2445a-9ae9-4dc8-9a2e-86c696ffa405-1430122005544-1.7-m-26-hu.wav,hungry,-233.89464,153.88432,-62.88153,5.213021,20.20344,-44.10457,-11.436121,-1.4797353,-25.70346,1.2822365
4be720ce-a5e5-4a48-930f-a212f8a239f6-1434737668804-1.7-f-48-hu.wav,hungry,-503.19473,132.86182,-36.833023,-7.016059,10.195851,-18.46305,4.968638,4.981057,-16.157825,-1.8230582
8f4dbf5a-b504-4452-b6ac-94e646a6a052-1430735028906-1.7-f-72-hu.wav,hungry,-393.63577,94.59342,-17.885561,8.952763,-1.1921769,-38.161137,-15.384048,-8.395877,-12.27136,5.8818407
3c51dedc-6e4c-47dd-a179-86a25e95f1ef-1430651019625-1.7-m-04-hu.wav,hungry,-271.42792,142.84291,-62.322834,-25.822067,8.079064,-18.57106,-1.9185458,-9.672903,-23.328005,6.0174704
F95D4BCE-2FB0-4A0C-A058-BFB0674539AF-1430055800-1.0-m-26-hu.wav,hungry,-260.07526,136.43233,-51.505215,12.809448,29.815863,-18.48483,7.578877,2.4111776,-20.999832,2.502503
40a4c760-facf-4911-b0a6-22eccc3ab18d-1430477756469-1.7-f-26-hu.wav,hungry,-214.18407,174.25081,-115.680954,33.52279,22.451918,-64.183815,25.406702,10.365079,-34.8019,15.012207
B456CE9D-CBD4-43E5-899B-8B8B0483F17D-1431015486-1.0-m-72-hu.wav,hungry,-417.48718,143.2406,-75.27142,-27.55112,6.7377706,-27.910376,-4.1655264,-0.44370604,-15.824846,1.2248193
F950E7E3-A1A5-4A01-99F4-9B155C3C6606-1430305696-1.0-m-72-hu.wav,hungry,-351.82947,157.67073,-46.797337,-1.6996169,14.426372,-29.055649,0.41288364,4.755351,-17.424435,-0.94799995
24f2a4e1-7161-42a3-a2a2-a29a2422c0b8-1430814730789-1.7-f-26-hu.wav,hungry,-610.7182,97.13226,-21.694942,0.50393194,9.424298,-14.083446,0.0918986,-0.67341095,-10.305767,2.31641
dc5429de-26b4-48e2-bc47-bc607b9bba06-1430741828918-1.7-f-72-hu.wav,hungry,-455.21008,111.97476,-96.839806,-28.662802,26.151726,-12.583085,-7.340159,-5.695964,-12.433065,6.3625374
F4A0C710-AC2D-42E0-8EA9-3E4CAC31EE20-1430318400-1.0-m-04-hu.wav,hungry,-318.21106,141.59528,-71.08103,-22.518526,-3.6419508,-41.33077,-1.7918155,7.508249,-12.697546,1.7493272
B327333E-2DE2-4833-A75A-4C576208BED3-1430087443-1.0-f-48-hu.wav,hungry,-461.75507,242.84271,-97.56653,17.012222,37.902546,-48.999146,6.4898715,2.069032,-35.40837,5.8484898
96986c8b-9988-4c37-a0f8-e7c4269cc3ac-1431719845836-1.7-m-26-hu.wav,hungry,-313.98157,139.99304,-43.439663,-34.91712,-9.702624,-21.076967,0.18705192,-0.073190205,-11.373353,5.444441
f896b69d-6241-4b51-9c45-0d628bc827c1-1430090274181-1.7-m-04-hu.wav,hungry,-399.74973,107.021935,29.970707,15.3232975,11.696404,-8.586149,-11.990486,-5.5731077,-8.103516,-9.9759035
9090c7a3-bebc-4485-aafc-64e4298da3ac-1430088396663-1.7-f-26-hu.wav,hungry,-337.0063,134.92992,-53.28039,-5.772727,19.151371,-21.129827,2.6572855,10.461239,-10.460202,0.9478539
FF2CD2F6-404D-4626-8718-6E6C751F63B8-1431104396-1.0-m-04-hu.wav,hungry,-359.1907,159.76726,-52.29027,-5.6492147,9.8088045,-39.944588,-16.824404,-9.7665,-18.3158,1.533825
88da3fbd-926b-4ee7-ae8f-85f92f2783b0-1430114329442-1.7-m-04-hu.wav,hungry,-617.3412,162.24228,-70.020546,-17.672894,-2.6067038,-42.584404,3.1567502,4.9288588,-19.773746,2.9147828
fa8620d3-e7db-4101-aff0-28dbf0d96a5f-1434465485354-1.7-f-04-hu.wav,hungry,-380.59103,88.69538,-48.051746,-25.2229,0.7079902,-24.619335,-6.662532,13.550726,-6.374143,-11.329153
8f4dbf5a-b504-4452-b6ac-94e646a6a052-1430727792958-1.7-f-72-hu.wav,hungry,-471.21222,141.14136,-24.934048,2.7001534,10.229298,-21.98655,0.4963311,-6.043885,-24.449108,1.2420499
4be720ce-a5e5-4a48-930f-a212f8a239f6-1434774932733-1.7-f-48-hu.wav,hungry,-387.4932,131.0411,-111.49812,-35.889786,20.552557,-29.119013,-2.95734,13.985853,-17.093021,-3.4447422
090C15A8-5406-4EA5-97A3-81F6527227C0-1430147525-1.0-m-72-hu.wav,hungry,-342.74124,96.51877,-43.875454,-12.724278,13.519674,-10.782833,-8.929213,-13.451993,-13.951737,4.0891566
999bf14b-e417-4b44-b746-9253f81efe38-1430972705879-1.7-m-26-hu.wav,hungry,-592.6904,67.09289,16.713833,7.12403,12.531141,7.3495145,2.9336758,0.87352574,-2.2857356,-1.8672605
3c51dedc-6e4c-47dd-a179-86a25e95f1ef-1430651049104-1.7-m-72-hu.wav,hungry,-303.03094,139.52737,-34.7857,-14.5006695,6.322314,-15.017944,1.3663332,-7.484459,-22.599657,2.704669
f896b69d-6241-4b51-9c45-0d628bc827c1-1430090400166-1.7-m-72-hu.wav,hungry,-385.7114,103.260284,-35.786163,-8.680193,19.254927,-7.5182776,-5.1209526,-6.5290976,-20.249891,-3.910462
090C15A8-5406-4EA5-97A3-81F6527227C0-1430147582-1.0-m-72-hu.wav,hungry,-429.23615,166.28249,-66.98802,-7.1998687,12.298945,-37.243298,-8.536473,-15.552832,-31.840086,6.1444077
9090c7a3-bebc-4485-aafc-64e4298da3ac-1430109146143-1.7-f-26-hu.wav,hungry,-198.1605,165.42789,-77.61208,-20.52816,-0.481059,-53.263153,-5.880063,13.255738,-18.544855,-4.0614605
549a46d8-9c84-430e-ade8-97eae2bef787-1430130702316-1.7-m-48-hu.wav,hungry,-456.9791,126.18151,-65.94171,-22.40705,17.129513,-29.573143,-19.519283,4.290661,-10.07886,-4.6604195
D833237F-1F7C-4338-BEDE-84C0CF5F4145-1430084007-1.0-f-26-hu.wav,hungry,-390.30307,166.49123,-37.688564,-13.159282,-7.316813,-56.72276,-24.524483,2.6430001,-9.639406,-1.42433
3030d0e9-0c9b-4616-9b83-f10dc2dedbfd-1430053456045-1.7-m-26-hu.wav,hungry,-357.43503,167.58238,-21.19886,-14.313741,4.294789,-24.493307,-7.0828524,4.832542,-11.021092,-7.0887737
719bb382-a592-46b7-82d2-8b4a625263b7-1430376562788-1.7-m-48-hu.wav,hungry,-511.7663,129.78249,-19.266592,-15.0046625,3.5329356,-16.427664,-8.438912,-3.8459268,-10.416666,0.68495154
D54D9C2A-56ED-4338-9D1F-2ADB4E081DAD-1430036283-1.0-m-48-hu.wav,hungry,-324.86475,125.854385,-106.81357,-18.298172,23.170988,-38.184494,-8.01844,13.986763,-3.4273036,8.985308
6bd76f21-f279-4c46-9453-58c95e7b2475-1430767927715-1.7-m-72-hu.wav,hungry,-468.0096,146.07011,-11.607453,-20.419403,-12.274114,-29.375334,-10.622051,-5.3624454,-20.279016,-10.273987
2439388A-9CF2-4D3B-9534-E6951FC9EAD4-1436877953-1.1-m-26-hu.wav,hungry,-335.16925,89.70084,-4.6706614,-12.5301895,-4.084267,-14.8339615,-12.244664,-7.8854804,-8.974285,-5.403651
1259bcad-2308-46fa-9a36-b5d8f359886a-1430143644843-1.7-f-04-hu.wav,hungry,-315.92422,153.82321,-61.114693,-45.298645,-17.382036,-42.774055,-6.6764975,15.0533085,-13.012064,-12.527805
B0D9116D-8FA4-41AF-B626-BE508FD5CA04-1430832542-1.0-m-04-hu.wav,hungry,-365.84717,112.722374,-41.09946,13.450571,12.7329,-40.122757,-16.188574,-9.652572,-16.647406,1.2437708
f5b29377-7cd6-4688-942c-5a07add39dc5-1437178455960-1.7-f-26-hu.wav,hungry,-376.7111,105.599396,-26.314238,-17.630016,-3.3123775,-24.20034,-6.2272277,8.017444,-8.2366705,-11.248159
D1CB71F9-EF76-49B3-A703-41D557444D21-1436863366-1.1-m-04-hu.wav,hungry,-417.24567,139.09813,-18.469528,5.6635385,9.814857,-23.470264,1.4406868,4.3711367,-15.249493,-5.874622
815af07e-4c31-4032-8bd1-dab6e60c879e-1433156423585-1.7-m-04-hu.wav,hungry,-274.64005,126.69517,-113.0093,9.739656,20.658142,-61.695168,0.6308152,11.49082,-27.990074,3.9513078
999bf14b-e417-4b44-b746-9253f81efe38-1431013068243-1.7-m-26-hu.wav,hungry,-341.64984,187.50702,-81.26736,-29.943537,22.851963,-34.37061,-22.182238,4.112962,-13.044348,-6.1065545
04c3386b-e6bc-4bd0-8456-d46ae21a73fc-1435305829013-1.7-f-26-hu.wav,hungry,-604.9547,137.224,-51.586514,-11.703494,5.824592,-28.80417,-1.6594075,2.087005,-11.20894,6.9000416
e36730a9-d62b-4752-856f-b42feb1585df-1429975817524-1.7-m-04-hu.wav,hungry,-408.8614,77.11127,-39.64168,-30.140745,-4.1442075,-19.360289,-12.348387,2.148683,-4.1166425,-3.4696176
C421C6FE-DFEE-4080-8AEA-848E7CE4756B-1430548277-1.0-f-26-hu.wav,hungry,-356.56226,148.15442,-61.02208,0.6062708,10.422024,-41.137005,-4.0212016,-3.517963,-26.656466,-0.6001857
c10e2b0f-0cb8-4485-b82f-d453edf97db7-1430739158854-1.7-f-26-hu.wav,hungry,-729.2941,104.165085,3.8411572,22.660757,20.723587,-6.8985205,6.8546324,6.1297035,-6.199463,2.936198
d79affbc-f7b4-4ef0-ae57-be5da4b827bf-1430761528998-1.7-m-72-hu.wav,hungry,-475.25607,163.25778,-46.62258,-2.442294,25.356955,-26.919004,-9.338899,5.913092,-15.90025,-5.9094195
8FDA58A7-FDC6-4421-855F-738E6E853E43-1429895742-1.0-m-26-hu.wav,hungry,-360.19482,84.28417,-52.635464,-23.063639,7.9510045,-10.347659,-6.7604895,-8.386973,-7.6180735,9.256944
8f4dbf5a-b504-4452-b6ac-94e646a6a052-1430735057816-1.7-f-72-hu.wav,hungry,-436.8091,121.08157,-21.19229,2.4513283,1.0021914,-38.605,-19.02069,-7.4804378,-10.295568,3.8587883
4CD5903D-E2CE-401E-B898-D873C763F44B-1430727644-1.0-m-26-hu.wav,hungry,-455.5179,133.5982,-57.007904,-7.87532,8.148057,-21.382751,13.287356,0.54953384,-26.626423,-0.7662265
3030d0e9-0c9b-4616-9b83-f10dc2dedbfd-1430053447333-1.7-m-26-hu.wav,hungry,-251.28987,174.85983,-92.03162,-1.2286452,16.243364,-57.098515,-4.807637,8.078418,-25.59762,2.4700956
03abcb8f-400a-47d8-ad82-7e4586cc06be-1431864192133-1.7-f-48-hu.wav,hungry,-202.4799,155.46504,-47.626247,1.2080837,9.482365,-32.989708,11.2631855,16.826815,-14.274988,-0.37900713
602b06a7-31f0-4370-b35a-9cc81d205958-1430739585531-1.7-m-04-hu.wav,hungry,-257.1205,144.34021,-24.891369,-15.513323,3.7711074,-28.817781,-17.78672,-4.7100697,-19.624222,-10.964576
0c8f14a9-6999-485b-97a2-913c1cbf099c-1430760379259-1.7-m-26-hu.wav,hungry,-388.27692,86.84268,-48.194515,7.1591244,23.793266,-17.615925,1.163661,3.1550305,-17.4579,-1.7599726
40a4c760-facf-4911-b0a6-22eccc3ab18d-1430466176951-1.7-f-26-hu.wav,hungry,-290.38354,165.79788,-61.37349,20.015516,25.693026,-29.55113,16.22573,2.1699138,-28.82493,4.138678
af30880e-5f98-4dc0-b37a-be6b21fa0ba3-1431240037389-1.7-m-26-hu.wav,hungry,-223.04803,155.84187,-80.28419,2.2316236,22.079908,-54.286316,-22.740137,-5.981316,-26.292284,1.9888853
4cefc13c-e7c0-4b5a-bddb-c40c103e640a-1431583459308-1.7-f-26-hu.wav,hungry,-382.31055,91.231255,-27.272738,-20.874334,-2.2121828,-17.674698,-8.4178295,-0.50264674,-10.75963,-7.512329
743E7CCA-D32B-40B6-9541-9808122D3F6B-1436860053-1.1-f-26-hu.wav,hungry,-246.27794,154.2134,-94.49532,20.067959,20.706158,-54.268948,7.526138,0.48237115,-29.258537,17.767681
D54D9C2A-56ED-4338-9D1F-2ADB4E081DAD-1429807598-1.0-m-48-hu.wav,hungry,-437.2087,95.05782,-48.52209,-6.2595387,2.4967115,-30.572046,-0.82867754,5.1358523,-13.517657,-2.0525877
090C15A8-5406-4EA5-97A3-81F6527227C0-1430147533-1.0-m-72-hu.wav,hungry,-352.717,100.42551,-24.206333,-16.20254,0.8582505,-12.905579,-11.34397,-21.097044,-23.017637,-0.5205177
F4A65A98-ADEE-49C4-9B45-65A8429DF170-1430232330-1.0-m-72-hu.wav,hungry,-390.1476,64.44031,-32.991795,3.0254574,2.9642131,-26.40203,-1.8543963,3.0803566,-10.989848,-0.40432748
20E2B5A0-40A4-4FD8-8935-AFD1DB833510-1430127670-1.0-m-26-hu.wav,hungry,-338.35535,168.32964,-48.833668,13.1947775,33.635826,-19.791739,7.4052176,9.822707,-13.391486,3.0922005
80130d3a-ceb9-4460-8464-e956bac5c40d-1436850034856-1.7-m-72-hu.wav,hungry,-275.66898,170.74236,-52.867134,0.026977327,19.248413,-30.3896,6.3468933,14.571004,-16.748182,1.4969691
e1e640e2-78cb-4cb7-9ccc-93813bfc251c-1430738640598-1.7-m-72-hu.wav,hungry,-318.3623,119.58542,-59.73387,-1.2784737,12.559179,-42.51789,-18.817762,-5.532386,-19.279764,-3.1067944
c7fef089-4a65-4b75-bfd4-bae0e3518adf-1430754388848-1.7-m-04-hu.wav,hungry,-311.1458,112.19513,-45.600872,-3.2302754,12.756658,-26.854479,-9.898823,-3.3499084,-10.833668,4.4115615
92d08bbe-553f-4844-85b1-15d572f06ea2-1436873211119-1.7-m-04-hu.wav,hungry,-314.42456,147.21016,-15.933536,6.5397005,21.261452,-15.058102,-2.4588192,4.3547587,-9.08171,1.7026894
218e6fd7-f9c5-4490-afd7-c4fba174e7d2-1430209174300-1.7-m-72-hu.wav,hungry,-360.04834,123.18002,-26.842093,6.094906,10.847241,-31.532856,-7.880134,6.2528806,-9.675801,-2.532172
5E01DC60-1DE3-4AF9-A661-7F649EAE457D-1430141106-1.0-m-26-hu.wav,hungry,-370.70068,95.22235,-40.757816,-10.651716,-0.040560894,-26.918272,-0.23690775,5.6749415,-14.593813,-4.900347
81724071-bc5e-4e38-8f35-85a691af5721-1430737552979-1.7-m-04-hu.wav,hungry,-588.13916,154.96162,-11.186337,-15.806717,-8.240683,-17.489943,7.1495824,-1.7006985,-17.898136,1.7220072
afa44e7f-4187-4f1c-9437-b49ba75f542e-1430629785235-1.7-f-04-hu.wav,hungry,-439.49728,177.67656,-66.0188,22.366749,35.96783,-35.419872,7.138337,7.6183944,-25.960333,6.4625525
549a46d8-9c84-430e-ade8-97eae2bef787-1430130714659-1.7-m-48-hu.wav,hungry,-585.3673,112.586754,-43.152687,-24.28544,5.773538,-21.71484,-15.894584,1.1430919,-2.4183083,0.000298165
1259bcad-2308-46fa-9a36-b5d8f359886a-1430143668806-1.7-f-04-hu.wav,hungry,-344.00925,156.22551,-38.863686,-32.873634,-9.505142,-31.963894,-3.7177434,12.504376,-13.263941,-12.040813
5f0a1ed4-ee2c-493c-bc00-6b56aad78a72-1430933240505-1.7-m-72-hu.wav,hungry,-518.5792,113.90748,-65.95212,-2.6984863,16.731182,-29.723845,0.06384043,3.4658904,-18.80043,5.5405254
a40b9b8d-e4bc-457a-badf-f38bdbc0c358-1430016745385-1.7-m-04-hu.wav,hungry,-236.86655,147.38718,-48.960934,-3.9703674,25.096651,-21.351984,0.41525042,14.009935,-17.482065,-12.227882
e4051e62-d21d-4bb8-a235-fd7e859ad787-1430740613780-1.7-f-72-hu.wav,hungry,-289.1186,137.40912,-43.009552,3.944716,8.596551,-36.393375,-2.0318468,2.1949313,-22.500658,-7.4943004
1259bcad-2308-46fa-9a36-b5d8f359886a-1430143617162-1.7-m-04-hu.wav,hungry,-323.4068,130.67708,-75.47575,-13.039594,-5.0938993,-58.582066,3.6478114,24.704409,-26.300516,-13.263913
adb53808-8b13-4c08-b055-6653c75298be-1430133962749-1.7-m-72-hu.wav,hungry,-380.26462,169.89545,-58.79225,8.003617,36.817802,-24.974941,-2.3791115,6.223021,-21.541718,-4.0654125
50DC5FBC-AC95-44F2-B55F-E4E5FB03AC96-1430007656-1.0-m-26-hu.wav,hungry,-366.55518,154.63417,-108.6696,-7.946874,29.041021,-35.891182,-0.020794446,1.8483074,-22.159164,8.381973
8f4dbf5a-b504-4452-b6ac-94e646a6a052-1430735040980-1.7-f-72-hu.wav,hungry,-462.0759,122.49654,-42.64636,8.64641,12.946115,-35.442383,-5.8143783,1.2805349,-13.413973,6.5390806
8c66887c-8251-49fa-903b-c02d56405f58-1436856065644-1.7-m-26-hu.wav,hungry,-500.95444,87.32324,-44.36964,-21.811663,1.1626972,-22.305534,-12.805737,0.08552195,-0.7632847,5.4013343
815af07e-4c31-4032-8bd1-dab6e60c879e-1433156413683-1.7-m-04-hu.wav,hungry,-289.01874,123.385216,-124.10343,7.3375664,30.004585,-56.982395,-3.505241,7.989009,-27.664148,6.73281
2439388A-9CF2-4D3B-9534-E6951FC9EAD4-1436877944-1.1-m-26-hu.wav,hungry,-347.85623,87.77208,-9.720334,-8.849742,1.4460608,-14.613602,-11.46078,-6.777638,-12.899219,-10.485143
743E7CCA-D32B-40B6-9541-9808122D3F6B-1436860161-1.1-f-26-hu.wav,hungry,-290.7095,169.93169,-111.85979,8.542469,23.790977,-45.66157,21.3264,10.418717,-31.48045,12.797752
e1e640e2-78cb-4cb7-9ccc-93813bfc251c-1430738652322-1.7-m-72-hu.wav,hungry,-361.07712,87.17403,-5.7455072,-13.071496,-1.9726685,-15.561042,-17.616669,-9.978798,-8.351863,-6.803776
89964233-cbdb-4f34-a819-5f4b5ce3f5f5-1430049868816-1.7-f-04-hu.wav,hungry,-257.64587,171.76184,-87.157135,-6.5268073,15.643268,-49.749504,6.246982,19.863115,-31.880552,-9.243881
DB95BF4A-E3E5-4429-A660-DBBCF486E6DF-1430664633-1.0-f-72-hu.wav,hungry,-456.59857,123.649666,-41.417988,-16.515644,3.6325922,-20.801447,-9.538939,-17.24406,-24.760302,0.1277864
3bb2445a-9ae9-4dc8-9a2e-86c696ffa405-1430142784308-1.7-m-26-hu.wav,hungry,-238.0156,151.85747,-117.70179,12.214607,30.326265,-70.50277,-12.840792,9.544917,-30.60865,6.59139
653bf718-94bd-40d0-af7c-8fe44e07640c-1430759214066-1.7-m-04-hu.wav,hungry,-407.81802,112.33107,-7.192557,-3.4725535,-2.6961474,-30.895588,-13.527902,-1.710299,-18.533329,-11.592013
7A864194-4B6B-4850-ABBF-0C2A8170107B-1436846824-1.1-f-26-hu.wav,hungry,-349.3897,132.0917,-55.331314,-12.695783,4.3754077,-33.7277,-4.951829,-0.80316406,-22.362104,-5.8391294
aaa57dbd-7b88-454a-963e-6faa2f4ed4e7-1436982075169-1.7-f-04-hu.wav,hungry,-507.51184,123.19552,-40.280483,-20.644003,4.3062468,-19.380112,-3.991883,2.4871702,-13.244106,-3.9646783
177dc72e-d0f8-47ef-a5a7-3b46878e11a0-1430736533767-1.7-f-26-hu.wav,hungry,-318.0651,131.77357,-66.610306,-8.451699,23.684614,-31.6929,-16.885515,-1.8066461,-20.766684,-6.7336698
b4c460d8-bd6b-4017-9bb8-2ae4ff0c5af1-1432751065608-1.7-f-26-hu.wav,hungry,-183.04034,153.73064,-98.807556,-19.543877,-2.3177726,-52.649593,6.686034,8.498714,-24.534672,9.656177
10A40438-09AA-4A21-83B4-8119F03F7A11-1430848101-1.0-f-26-hu.wav,hungry,-247.75662,161.61646,-104.806946,14.874958,16.367691,-62.931705,7.6220646,8.311307,-27.888805,12.038933
40a4c760-facf-4911-b0a6-22eccc3ab18d-1430466164038-1.7-f-26-hu.wav,hungry,-271.13556,149.26585,-63.460987,15.391458,17.68864,-30.398565,22.168728,9.634459,-22.606487,5.6281996
9fe37482-6a64-401d-b8b9-3e47d6ed9ac0-1430047399844-1.7-f-26-hu.wav,hungry,-421.34512,72.006935,-23.838327,-11.131368,2.122412,-16.504381,-5.274419,6.878671,-3.62063,-7.4018083
c6fd9d60-0fa7-44c0-b3ce-0192527d7b81-1430068167526-1.7-m-72-hu.wav,hungry,-330.76114,143.88934,-63.71019,-1.7063286,12.355293,-44.873985,-15.284238,-5.4776835,-20.703432,2.6166143
D54D9C2A-56ED-4338-9D1F-2ADB4E081DAD-1429807587-1.0-m-48-hu.wav,hungry,-396.35083,144.94124,-85.1795,-0.5276194,18.49525,-39.986763,1.9602568,3.4753313,-26.716974,-4.153636
3bb2445a-9ae9-4dc8-9a2e-86c696ffa405-1430146536552-1.7-m-26-hu.wav,hungry,-277.25797,152.7232,-109.476006,-3.8462417,24.485981,-47.4169,0.025085552,2.6465192,-34.251488,4.4299994
B2A105BB-347B-4878-A735-AA4ECF32CD16-1436864116-1.1-m-26-hu.wav,hungry,-205.71257,132.57637,-104.490974,7.441864,28.040913,-45.88688,7.9025726,17.580742,-22.741411,2.097154
67414C5E-0EB2-48FD-8391-FCF085FDB6D9-1430050964-1.0-m-04-hu.wav,hungry,-291.00586,105.82118,-43.38764,-7.648685,13.337834,-18.778711,-6.653352,-2.7819085,-14.442247,-6.602689
3DF341FA-E90B-4335-A51A-A9B0769150CE-1436859328-1.1-m-04-hu.wav,hungry,-315.28183,135.77765,-51.900417,14.108921,26.852415,-23.19241,2.8832161,-5.948044,-26.363764,2.0098839
d1e236a0-e030-4137-9030-5625026cd098-1430477960643-1.2-m-04-hu.wav,hungry,-254.97253,140.11424,-46.288597,-48.46637,-32.203472,-38.79381,4.054271,11.438976,-22.768707,-11.405425
5C2F730C-9721-40B7-A2D8-C257DB518978-1429966327-1.0-m-04-hu.wav,hungry,-443.4852,111.46558,-33.518818,7.1136765,8.318559,-32.592346,-2.189995,2.8646252,-20.756628,-4.764994
9641D2D5-7D9F-41B2-8345-229AE9555FEC-1430022546-1.0-m-72-hu.wav,hungry,-341.7041,145.73608,-50.297314,-3.3844917,11.293207,-41.27931,-19.377659,-9.0089,-24.550488,-8.6522255
A123AD65-38D3-4A65-AB37-330034765840-1430093687-1.0-m-04-hu.wav,hungry,-422.1098,193.54678,-68.45227,19.008389,31.81252,-38.276222,4.723239,0.46008787,-31.126656,0.8716973
719bb382-a592-46b7-82d2-8b4a625263b7-1430376483385-1.7-m-48-hu.wav,hungry,-550.9092,83.865974,-22.036215,-12.960351,7.553492,-9.991759,-7.8277545,2.0431757,-3.249741,-5.1652813
F95D4BCE-2FB0-4A0C-A058-BFB0674539AF-1430055809-1.0-m-26-hu.wav,hungry,-297.23718,139.56425,-53.353783,-7.7422886,12.903483,-25.293505,2.0916467,3.3971431,-20.385515,-3.0915854
aaa57dbd-7b88-454a-963e-6faa2f4ed4e7-1436988612387-1.7-f-04-hu.wav,hungry,-310.66132,112.658455,-105.90439,-6.185665,26.043413,-31.72693,4.8909187,5.9030027,-21.343403,5.5087647
50DC5FBC-AC95-44F2-B55F-E4E5FB03AC96-1430108024-1.0-m-26-hu.wav,hungry,-293.7534,152.45497,-117.939674,20.821985,32.3044,-60.078243,6.1695385,13.322825,-26.396595,11.908152
F2F97740-D638-4B6F-9E09-3AC65F06B448-1436849313-1.1-f-48-hu.wav,hungry,-321.4547,188.69339,-62.939213,-2.8451996,20.376808,-33.191654,-0.11603632,2.4574795,-21.586546,1.2763172
7CF37029-1040-40B8-ACC9-7E6E5C03AF9B-1429808939-1.0-m-72-hu.wav,hungry,-403.54782,139.08716,-62.40689,2.4727728,15.385796,-38.404476,-4.2127175,1.8934524,-18.745674,4.795154
789d2553-cbf2-4911-91e4-fb228d231238-1430818517787-1.7-m-26-hu.wav,hungry,-356.18814,192.49135,-84.086426,8.649182,38.642334,-29.376457,9.181175,-0.5083948,-35.375576,14.219297
40a4c760-facf-4911-b0a6-22eccc3ab18d-1430477780076-1.7-f-26-hu.wav,hungry,-186.48994,174.43518,-102.55593,11.070719,11.565557,-50.9266,22.694199,1.3612727,-34.04464,19.05329
415d69b4-6d84-4bf8-97b0-10f8f108dc1d-1430739498797-1.7-m-04-hu.wav,hungry,-460.43713,234.43005,-102.90454,5.296832,29.658907,-46.592823,11.378069,3.3554902,-35.206703,9.370662
771fa0cc-4535-471b-9cec-d26deff8d567-1429803644891-1.7-m-04-hu.wav,hungry,-280.31186,150.21233,-79.13874,-13.554528,16.318443,-40.721436,-13.282869,1.6922101,-12.965404,11.003036
8f4dbf5a-b504-4452-b6ac-94e646a6a052-1430734962301-1.7-f-72-hu.wav,hungry,-537.45935,133.08337,-35.86951,8.300112,16.565151,-23.360682,5.4136834,5.4835997,-15.681945,3.0435827
37105492-58b1-432e-a1ce-ea154425abab-1430744728397-1.7-f-26-hu.wav,hungry,-554.16644,66.236885,-16.642294,-23.34512,-5.276195,-1.770951,4.939228,4.1204295,-7.253223,-8.884385
52dfc27a-fbc4-4d9f-bbcf-6406c919324a-1430041644396-1.7-m-26-hu.wav,hungry,-481.02277,132.78683,-41.34829,-15.664159,9.308817,-26.74895,-15.494365,-3.3930693,-15.014685,-5.2135777
bb2bdafb-0477-4be4-8c41-1a6192e8c6d4-1430637640279-1.7-m-72-hu.wav,hungry,-261.44333,163.53691,-69.6909,-32.36753,7.224627,-23.537054,-4.619751,-0.7653766,-13.520173,0.16307431
FF2CD2F6-404D-4626-8718-6E6C751F63B8-1431104337-1.0-m-04-hu.wav,hungry,-344.53983,137.37381,-26.869503,-15.16017,-1.5299575,-31.293842,-22.518784,-16.17585,-17.16444,-3.9289923
818A32F4-D5D8-426C-B88C-81A8154AC81A-1430093571-1.0-m-26-hu.wav,hungry,-246.4732,150.56813,-74.42092,3.4250786,14.702237,-40.65493,12.548978,15.308384,-23.98324,0.7839614
8c920fd0-fa9f-4926-bcac-074767dcbfcd-1436850948195-1.7-m-04-hu.wav,hungry,-485.1764,129.24704,-33.049,5.683955,8.672988,-24.110777,8.507719,1.0224764,-22.441738,1.9526923
69374818-7b73-48ac-8200-e6a225e293fb-1430746091424-1.7-m-04-hu.wav,hungry,-317.10498,132.79388,-53.284924,-22.412409,1.384029,-29.311497,-8.817221,-2.7555034,-15.944464,-2.8095891
b9d0daab-43c8-41f1-86af-3bcdea9af63c-1429979961789-1.7-f-22-hu.wav,hungry,-348.98053,95.116356,-8.254321,-13.345395,-6.133787,-20.758806,-15.620751,-7.128657,-0.9966646,9.863361
63CA92F7-973A-4DCA-A410-7B19811A2478-1430041884-1.0-f-26-hu.wav,hungry,-502.96884,140.1516,-55.489937,-2.058225,11.204485,-32.983505,-0.46282798,0.15161674,-24.614964,-7.801958
d6cda191-4962-4308-9a36-46d5648a95ed-1428333797380-1.5-f-26-hu.wav,hungry,-376.81244,123.364586,-21.450754,1.635858,15.200879,-14.456304,-0.38309816,0.89983404,-14.280379,0.5108326
a7b13b65-da2c-48ec-8aed-46adcaba705f-1430823489236-1.7-f-26-hu.wav,hungry,-227.22894,168.08481,-68.63982,0.054503374,21.611452,-34.19811,-2.518431,-2.9805987,-24.189356,6.949864
3030d0e9-0c9b-4616-9b83-f10dc2dedbfd-1430053464739-1.7-m-26-hu.wav,hungry,-432.9245,157.74792,4.1256895,8.938807,11.517861,-19.694094,-3.991627,-0.102350265,-16.133705,-4.353197
4D43D6CD-C084-4081-ABF3-8B25951B2D75-1430146631-1.0-m-04-hu.wav,hungry,-384.26776,125.37461,-68.85573,-4.344251,14.90465,-39.74434,-7.409941,10.607248,-12.281566,-6.5570407
80f5ab0a-16c1-4738-9209-fbdae52ff769-1430140636917-1.7-f-04-hu.wav,hungry,-393.86707,142.04478,-68.64886,-12.351719,23.418087,-32.94426,-16.072527,3.0698047,-21.779276,-13.246329
1b381a1e-88a6-4a48-b889-a5ccdf0aacaf-1430299568333-1.7-f-72-hu.wav,hungry,-265.12747,134.60266,-97.57992,-3.8153605,12.27349,-54.088047,-4.847782,7.296834,-16.866802,10.5750885
F3BAEDDA-CDC0-4A65-90EE-5C372CEE4F3B-1437012044-1.1-m-26-hu.wav,hungry,-287.57108,154.0829,-70.78904,8.8066845,26.050308,-37.19531,-4.237284,2.435756,-14.992276,7.4420958
549a46d8-9c84-430e-ade8-97eae2bef787-1430130760929-1.7-m-48-hu.wav,hungry,-520.83765,80.50069,-54.368725,-16.09884,5.9092793,-27.908619,-9.97449,6.494118,-8.660308,-3.578478
42ec6f14-6ba6-457f-8a80-101ee201195c-1431345009828-1.7-m-22-hu.wav,hungry,-643.7494,166.29457,-91.4765,-0.22112916,34.41165,-34.23646,-1.6856345,6.4933395,-20.501284,5.2605624
7B924575-21FC-462A-969E-BABB46D1CBF5-1430055234-1.0-f-72-hu.wav,hungry,-392.48523,119.95391,-61.582767,-5.1870155,15.734405,-26.1586,-1.6279199,-0.92767715,-22.27781,-8.013578
D54D9C2A-56ED-4338-9D1F-2ADB4E081DAD-1430036301-1.0-m-48-hu.wav,hungry,-357.2707,128.35771,-82.79983,-22.664719,14.255199,-31.857998,-8.157771,9.490309,-5.5994773,3.340256
8057932d-a6af-4d63-903b-37049686e176-1430919675907-1.7-f-72-hu.wav,hungry,-492.77042,101.36437,-12.137929,14.926449,14.423172,-15.855194,1.9602246,0.6504719,-12.383272,-0.3027654
c6fd9d60-0fa7-44c0-b3ce-0192527d7b81-1430038968282-1.7-m-04-hu.wav,hungry,-321.59116,136.76212,-79.62247,-15.443075,14.593581,-38.66415,-7.5985184,8.833254,-20.386963,-9.97127
C249BCDD-0F65-4D6A-82BE-43C4006E3DDB-1436891733-1.1-m-72-hu.wav,hungry,-352.46802,143.42616,-64.55906,9.875058,20.884268,-39.032265,-5.4697747,-3.3458881,-21.867266,4.4652243
2a0e6a88-b049-4f46-a3d6-d73ffae470d5-1430770144865-1.7-m-04-hu.wav,hungry,-408.1873,166.33134,-39.218067,2.679648,13.345986,-21.41479,10.653232,-0.71378213,-24.667356,-2.4355824
9fe37482-6a64-401d-b8b9-3e47d6ed9ac0-1430047590938-1.7-f-26-hu.wav,hungry,-320.97336,106.030136,-40.202225,-22.575405,-6.983457,-34.623623,-11.720226,7.1755576,-7.323011,-2.0309243
e0717ce2-da25-417c-89a5-58d7175f4a6d-1436966513203-1.7-m-26-hu.wav,hungry,-401.88678,174.67749,-95.675835,-0.42228928,22.567917,-47.52892,3.340289,10.595298,-26.120544,2.6760068
F2F97740-D638-4B6F-9E09-3AC65F06B448-1436849335-1.1-f-48-hu.wav,hungry,-340.1475,191.74944,-51.99788,1.3303199,21.552694,-31.521362,-2.2149904,-0.77628577,-24.83348,-3.0232263
7b23d26e-6f97-4e8b-b520-a9fdde21ee91-1432275312750-1.7-m-48-hu.wav,hungry,-246.52931,156.86577,-82.819336,-21.480726,20.376348,-31.440401,-12.523206,-0.6930331,-17.395205,2.183536
aaa57dbd-7b88-454a-963e-6faa2f4ed4e7-1436910235521-1.7-f-04-hu.wav,hungry,-472.79483,78.42262,-4.461463,5.1906843,6.740376,-16.199936,-3.0107145,7.1711526,-8.686398,-11.604387
8c920fd0-fa9f-4926-bcac-074767dcbfcd-1436856363348-1.7-f-04-hu.wav,hungry,-440.97888,153.8905,-50.084866,2.4421992,6.863865,-38.938442,3.2566354,1.0154039,-26.231667,3.8648443
602b06a7-31f0-4370-b35a-9cc81d205958-1430739609286-1.7-f-72-hu.wav,hungry,-241.41301,140.16583,-35.60807,-33.74177,-8.828327,-29.850754,-20.04449,-10.4192,-20.53559,-12.559527
02c3b725-26e4-4a2c-9336-04ddc58836d9-1430726196216-1.7-m-04-hu.wav,hungry,-706.70026,160.4032,-59.174213,11.621321,16.054573,-40.199245,6.8347797,8.181551,-19.02069,7.330266
10A40438-09AA-4A21-83B4-8119F03F7A11-1430925172-1.0-f-26-hu.wav,hungry,-279.20367,133.27158,-64.377396,-0.6373445,-0.17769517,-50.01485,1.8143767,8.714439,-18.748648,4.047639
3030d0e9-0c9b-4616-9b83-f10dc2dedbfd-1430053594259-1.7-m-26-hu.wav,hungry,-365.61484,184.6436,-70.72151,-9.098872,6.1707134,-48.250336,10.392699,23.844042,-23.399513,-5.1058397
0f257dac-7d6f-4575-9192-e3b4dcd3d4ef-1430185441581-1.7-f-26-hu.wav,hungry,-317.01273,172.86981,-55.85079,14.073761,37.755848,-20.453983,10.717548,17.27808,-10.731953,4.6865144
2EE636FB-BD76-4118-A0EF-82FAFC32301F-1436586600-1.1-f-04-hu.wav,hungry,-310.5848,172.79405,-63.34203,5.4439244,17.571112,-48.11283,-13.646814,-6.595515,-29.457115,-6.3021913
999bf14b-e417-4b44-b746-9253f81efe38-1431013054417-1.7-m-26-hu.wav,hungry,-360.36322,155.1099,-26.921154,-30.96447,0.071528904,-24.878403,-21.249184,0.3956172,-6.8771405,-9.57463
1abb2260-a652-4ba7-bd98-7d463312730f-1430041727150-1.7-m-04-hu.wav,hungry,-304.05963,147.56004,-54.86922,11.664553,22.784012,-53.866478,-18.266356,11.455233,-27.20051,-19.41951
8FDA58A7-FDC6-4421-855F-738E6E853E43-1429895780-1.0-m-26-hu.wav,hungry,-243.7352,114.08722,-92.56654,1.2458993,23.986835,-23.555162,12.188839,-5.9419594,-24.454832,21.829664
bb2bdafb-0477-4be4-8c41-1a6192e8c6d4-1430637736064-1.7-m-72-hu.wav,hungry,-279.68362,148.11981,-78.808105,-8.192707,13.670187,-38.257717,-2.80759,-0.42517197,-21.71611,4.705145
EC2E1160-BC33-450A-A62D-DE2A4C0D42BB-1430039051-1.0-f-48-hu.wav,hungry,-238.74219,141.84094,-90.93558,-3.0644062,18.306229,-33.127,16.24041,7.7288294,-32.082355,2.165881
bfbc4d23-39b2-4b33-b686-2f048f062b60-1430077722675-1.7-f-72-hu.wav,hungry,-355.96603,139.75398,-33.599163,14.06004,18.857067,-30.642002,-0.5577323,5.9932384,-15.549883,2.6112337
a56e2494-d2b2-480e-af0b-de9ea8f33572-1436897427825-1.7-f-26-hu.wav,hungry,-346.55905,119.82375,-63.620567,-1.6388057,8.567608,-42.7131,-2.5875156,9.193897,-19.380203,-2.5499005
0c8f14a9-6999-485b-97a2-913c1cbf099c-1430760394426-1.7-m-26-hu.wav,hungry,-358.51703,104.39464,-48.297825,8.874722,20.301006,-26.026468,-1.2119313,4.8825684,-12.958538,-0.16521825
ae5f103b-5fee-442f-bb1b-d9d0570c46ab-1431533809819-1.7-m-26-hu.wav,hungry,-329.03064,145.76787,-69.791595,0.14439616,18.288353,-34.58768,8.555805,18.932384,-12.713866,2.2444854
415d69b4-6d84-4bf8-97b0-10f8f108dc1d-1430739528719-1.7-m-04-hu.wav,hungry,-502.65338,222.94708,-109.59492,-0.88512003,31.31388,-43.287167,8.264963,4.2479386,-29.438213,9.733261
3bb2445a-9ae9-4dc8-9a2e-86c696ffa405-1430124221551-1.7-m-26-hu.wav,hungry,-254.1034,151.90312,-110.82787,1.3730955,32.443504,-46.289867,-5.9403687,1.6592962,-25.8584,10.0785
323cab80-2551-4a46-8c3d-62c7a5264afa-1430382588301-1.7-m-22-hu.wav,hungry,-225.65701,131.5367,-126.43599,-24.249033,6.123762,-45.702984,11.777763,11.507324,-21.634186,7.701121
adcefe56-90b1-4120-83b1-93008cb6f7f0-1430731683554-1.7-m-04-hu.wav,hungry,-275.8351,130.53516,-80.826324,17.481321,15.2432165,-57.580784,-4.9450393,-0.112523414,-26.514591,2.9911797
7B924575-21FC-462A-969E-BABB46D1CBF5-1430055243-1.0-f-72-hu.wav,hungry,-345.21564,150.57129,-81.748344,-14.719161,5.2352996,-43.335865,4.350373,7.46177,-31.214022,-7.624705
cecd525b-18fd-49e3-b2b9-dfb08b93ad95-1430109958636-1.7-m-26-hu.wav,hungry,-359.88937,156.62547,-35.548023,16.552599,25.44644,-30.054087,5.003694,18.072464,-13.573898,0.43086365
0D1AD73E-4C5E-45F3-85C4-9A3CB71E8856-1430742197-1.0-m-04-hu.wav,hungry,-306.77335,143.92924,-66.017654,-12.901562,11.433022,-35.97736,-17.879663,-10.984058,-11.513581,12.355529
c6fd9d60-0fa7-44c0-b3ce-0192527d7b81-1429978271017-1.7-m-04-hu.wav,hungry,-334.2759,156.28163,-45.88366,0.7027776,13.27633,-31.541918,-4.96526,-6.745421,-23.944101,0.9318277
549a46d8-9c84-430e-ade8-97eae2bef787-1430130669340-1.7-m-48-hu.wav,hungry,-693.1887,102.66333,-34.440193,2.725273,10.2155,-29.155075,-5.8347697,4.592463,-14.458976,-4.9118395
40a4c760-facf-4911-b0a6-22eccc3ab18d-1430477726097-1.7-f-26-hu.wav,hungry,-187.08441,147.05547,-108.54557,26.01574,22.405817,-55.944664,17.409084,5.669009,-29.531199,16.94001
7b23d26e-6f97-4e8b-b520-a9fdde21ee91-1432261716253-1.7-m-48-hu.wav,hungry,-251.57849,159.80554,-82.847626,-5.7497973,19.01346,-43.698162,-10.990585,-1.4827213,-21.82274,-0.92429715
c10e2b0f-0cb8-4485-b82f-d453edf97db7-1430738986076-1.7-f-26-hu.wav,hungry,-583.98956,120.3599,-32.21244,-11.470209,19.612322,-10.002644,-12.156565,-4.1002426,-11.3611965,-8.255602
f896b69d-6241-4b51-9c45-0d628bc827c1-1430090255303-1.7-m-04-hu.wav,hungry,-327.51108,157.59882,-45.269814,-2.5561883,15.578076,-35.493134,-10.188833,2.804267,-22.610397,-6.112111
ed31b187-34af-4ff1-979c-3b8a5905fb7b-1430044808480-1.7-m-04-hu.wav,hungry,-329.62234,140.74135,-69.08132,4.345877,22.528242,-35.90035,5.094437,14.035337,-26.795462,-10.37723
7E4B9C14-F955-4BED-9B03-7F3096A6CBFF-1430232195-1.0-f-26-hu.wav,hungry,-398.12842,78.473816,-36.041664,-20.318058,-7.451818,-21.584162,-1.9238136,1.4031898,-11.7993145,-0.8515932
10A40438-09AA-4A21-83B4-8119F03F7A11-1430848034-1.0-f-26-hu.wav,hungry,-276.35147,141.20387,-73.165115,-9.810459,5.387694,-39.595078,2.1961133,1.3347857,-26.742268,-3.444688
4CD5903D-E2CE-401E-B898-D873C763F44B-1430727653-1.0-m-26-hu.wav,hungry,-434.37866,135.1686,-70.01464,-7.91046,9.530552,-24.238022,18.707077,5.552939,-26.797688,1.6354464
7d1c2cd2-6fa1-499f-8ca8-a298198be4e7-1436850081753-1.7-m-04-hu.wav,hungry,-282.7581,158.39128,-52.612503,-22.916653,-3.525886,-27.192282,6.175353,-2.4772835,-27.042858,-1.3598142
eccb4617-8373-4c4f-b49e-bb2d72bce8d8-1430035348191-1.7-m-26-hu.wav,hungry,-387.5599,137.70755,-41.91557,-5.4358296,4.973314,-37.83557,-4.5828695,5.4866543,-25.275158,-9.274864
035c6b30-a145-42b9-8d0f-445cd9003d2c-1435948197257-1.7-m-04-hu.wav,hungry,-266.12662,154.18689,-123.1437,-4.580037,28.504086,-49.672398,3.0201726,9.359098,-34.729637,2.0691955
3d3e244d-20b1-4ec3-9732-92dcd14ff35a-1436961241219-1.7-m-72-hu.wav,hungry,-252.86438,234.96129,-6.925987,16.5866,26.105806,-18.603329,8.301122,5.4809937,-19.361902,1.993329
8f4dbf5a-b504-4452-b6ac-94e646a6a052-1430727806162-1.7-f-72-hu.wav,hungry,-484.49582,125.58027,-16.569937,-10.590375,1.2218479,-18.40607,-8.104987,-8.458473,-12.455228,4.917732
ae5a462b-5424-4b5b-82d5-07ccb61654ab-1431155960186-1.7-f-48-hu.wav,hungry,-406.57214,154.54422,-99.73412,22.661839,12.858635,-68.812904,22.358952,23.0578,-44.76291,-6.124269
0F4B1065-4012-47C8-88B7-ACE11B1A536E-1430038775-1.0-m-04-hu.wav,hungry,-221.92976,144.7007,-77.40604,5.502461,13.351183,-43.314556,10.288271,9.719611,-24.876753,4.615209
A123AD65-38D3-4A65-AB37-330034765840-1430093710-1.0-m-04-hu.wav,hungry,-388.19934,167.8572,-43.363773,17.559303,28.757147,-28.508007,0.8396233,-0.8404917,-27.000494,-1.4471885
F24DE44B-762C-4149-AC92-96A5E57ED118-1430816918-1.0-m-04-hu.wav,hungry,-356.3007,106.52677,-26.273485,-9.129831,3.34016,-23.261425,-19.16218,-21.880915,-22.35057,-1.0290743
40a4c760-facf-4911-b0a6-22eccc3ab18d-1430466393384-1.7-f-26-hu.wav,hungry,-216.7246,141.67296,-48.829407,11.949162,-8.14912,-58.997208,1.6206766,-0.5248077,-27.3003,5.4314303
3030d0e9-0c9b-4616-9b83-f10dc2dedbfd-1430326171876-1.7-m-26-hu.wav,hungry,-427.80453,123.97062,-67.00045,8.095821,21.444155,-46.75121,-7.6476626,15.313559,-20.605389,-9.84077
2F1C0515-EC8E-44C1-ABEA-E04EB475543A-1432143888-1.1-m-22-hu.wav,hungry,-528.06757,79.267525,-17.31657,-0.30828553,2.9759817,-14.502504,2.05717,-2.6687772,-18.181454,-7.605392
21c07aff-0a8d-4e74-ad5e-e3c7f7bcb11b-1430105653796-1.7-m-04-hu.wav,hungry,-250.50636,146.5723,-79.39032,-16.996403,15.060933,-30.36732,-6.339497,-4.5554676,-17.718027,6.801751
3bb2445a-9ae9-4dc8-9a2e-86c696ffa405-1430122381138-1.7-m-26-hu.wav,hungry,-306.6523,158.58418,-56.786972,7.536409,29.601658,-30.553623,-7.2256465,-4.2991915,-29.587963,-2.9882147
e4051e62-d21d-4bb8-a235-fd7e859ad787-1430739655763-1.7-m-04-hu.wav,hungry,-335.86276,119.80188,-29.827314,1.8873615,5.130097,-40.211086,-15.138033,5.1837363,-9.063359,-6.6241484
e37c323c-0edb-4942-be47-3cc0b2de00a1-1434392919844-1.7-f-26-hu.wav,hungry,-451.74185,125.45602,-34.71295,1.1689104,11.689954,-32.891247,-8.408474,8.625849,-9.92208,-2.0307221
F1AF5794-AD3B-4181-B010-AB835E5BDA64-1430441342-1.0-m-72-hu.wav,hungry,-398.75186,131.4377,-59.551266,-1.012945,12.97654,-31.682552,0.8074056,1.441685,-18.0721,4.981327
70d30513-0ec3-49e4-9976-e85785e85c2d-1431033405793-1.7-m-04-hu.wav,hungry,-303.69788,110.54,-74.68182,2.172679,9.658916,-48.031425,-2.682138,5.627187,-26.844517,-2.4807017
FAE74A94-9968-43ED-958C-50D7C4C1F13C-1430770871-1.0-f-22-hu.wav,hungry,-389.42572,87.00714,-21.04967,-0.3489233,6.828466,-21.14262,-15.123535,-18.648262,-29.044579,-13.788254
1309B82C-F146-46F0-A723-45345AFA6EA8-1430059849-1.0-f-04-hu.wav,hungry,-385.2126,167.80656,-76.14097,4.9091563,22.674112,-33.36356,9.4867115,4.1335144,-21.08696,12.265169
c6fd9d60-0fa7-44c0-b3ce-0192527d7b81-1430066825817-1.7-m-72-hu.wav,hungry,-410.83344,103.19632,-19.083155,11.367833,16.315289,-26.963263,-15.24333,-1.8231767,-12.6902275,-7.8368654
C421C6FE-DFEE-4080-8AEA-848E7CE4756B-1430548250-1.0-f-48-hu.wav,hungry,-298.06808,146.16911,-65.551315,-9.634273,5.493597,-38.39518,-2.4828737,-3.7445753,-27.058683,-2.0375388
86c2b87a-ae7c-46a3-b6fb-7ebe748812cf-1430036562389-1.7-m-04-hu.wav,hungry,-255.4095,179.39775,-57.733345,-5.6208644,23.478699,-30.665184,-12.564283,-3.1774406,-15.22615,4.284479
719bb382-a592-46b7-82d2-8b4a625263b7-1430376267895-1.7-m-48-hu.wav,hungry,-552.54315,90.85637,-16.723745,-4.485964,11.6917095,-12.830693,-7.2377634,6.6587515,-2.138031,-4.7000256
a40b9b8d-e4bc-457a-badf-f38bdbc0c358-1430016779981-1.7-m-26-hu.wav,hungry,-288.27008,156.73273,-44.839386,-7.495405,17.144464,-21.739752,4.8872414,13.93687,-14.468578,-6.343754
ed31b187-34af-4ff1-979c-3b8a5905fb7b-1430044897699-1.7-f-48-hu.wav,hungry,-318.97357,141.63278,-89.86104,3.9641173,27.33439,-39.861313,0.63847876,9.582169,-20.530287,-0.5960685
653bf718-94bd-40d0-af7c-8fe44e07640c-1430759231913-1.7-m-04-hu.wav,hungry,-314.6312,140.72186,-56.23222,-15.333815,16.344437,-30.213427,-13.206937,6.438944,-14.694624,-9.694545
3941D08C-5A97-48A4-8830-091D878137F6-1430099813-1.0-m-72-hu.wav,hungry,-238.93916,131.60284,-84.43447,-8.359519,6.9755554,-39.87088,11.933689,13.612984,-17.758137,9.327436
7e3de9b8-2be5-473f-b8c3-c2657f1317bb-1430006339251-1.7-f-04-hu.wav,hungry,-529.6613,109.6903,-13.674786,-20.450327,-0.46277216,-11.676488,-15.766881,-11.936475,-5.1221967,1.5421929
F3BAEDDA-CDC0-4A65-90EE-5C372CEE4F3B-1437012076-1.1-f-26-hu.wav,hungry,-347.774,169.96109,-59.32476,4.1015315,22.695433,-33.196373,-0.8872595,2.1555853,-22.621582,0.20679343
7616E8F4-B1A7-45A6-9A0C-C9BB2DE64FC3-1436868751-1.1-m-72-hu.wav,hungry,-234.60042,155.6964,-95.68863,1.3784004,20.788113,-39.750816,9.044424,6.9235015,-17.785006,13.367941
7A22229D-06C2-4AAA-9674-DE5DF1906B3A-1436891933-1.1-m-72-hu.wav,hungry,-365.1916,174.20361,-111.25115,3.9090872,27.35468,-47.705223,6.751858,5.722263,-30.0107,5.7021184
85FAB169-4DCC-406D-AC93-2F6A8D797DAB-1437632141-1.1-m-04-hu.wav,hungry,-344.59137,139.7932,-104.325096,4.0747347,25.93111,-44.842403,7.5501313,10.510986,-31.315489,1.8986406
9CFD61B9-BF13-406D-8B2F-F73CFAAF25CB-1430927741-1.0-f-04-hu.wav,hungry,-253.31369,178.7684,-58.973457,5.1054115,23.425,-34.91818,-2.1594017,4.563908,-16.782297,4.9945626
F6C6D3EE-F139-48A4-9EAC-0A50EB011CDC-1430103974-1.0-m-04-hu.wav,hungry,-251.67456,137.3962,-91.13482,-7.0024033,20.888636,-32.432384,3.7240431,5.8230233,-15.476734,6.6892633
F6C6D3EE-F139-48A4-9EAC-0A50EB011CDC-1430103957-1.0-m-04-hu.wav,hungry,-240.7828,123.57965,-100.45773,-1.7986499,25.767134,-36.67753,6.55087,18.222595,-11.230643,2.8123248
3c0b4e07-33ec-4d68-a6b2-5f5dcb8cff8e-1430070829977-1.7-m-26-hu.wav,hungry,-289.5673,176.42755,-68.52604,-2.9367378,9.3111725,-41.36431,0.86885285,-5.3392334,-27.071568,8.621806
cde108d0-62c3-47f8-82c4-233c9fba5cdd-1436884406827-1.7-m-48-hu.wav,hungry,-257.818,154.9716,-79.22997,17.529371,42.737408,-38.9254,-5.19992,10.325112,-27.71521,-10.576232
aaa57dbd-7b88-454a-963e-6faa2f4ed4e7-1436982098411-1.7-f-04-hu.wav,hungry,-545.57336,97.12661,-18.179983,-13.233847,0.4858345,-13.175363,-5.149808,-3.9043322,-8.647048,2.4663439
5b49f19f-a3a7-411e-bb32-755da3cbd6f0-1430029991480-1.7-m-48-hu.wav,hungry,-241.83937,163.53432,-87.50772,-14.754786,20.984606,-31.039942,4.185512,10.856159,-16.766308,7.289515
101c6709-39fb-44dc-b905-7cbeed5714a2-1434361963544-1.7-f-04-hu.wav,hungry,-520.43805,115.42141,-57.85845,4.613444,4.829899,-28.676426,19.469336,4.115651,-20.970522,14.649053
63CA92F7-973A-4DCA-A410-7B19811A2478-1430041902-1.0-f-26-hu.wav,hungry,-530.8789,114.16163,-36.161316,2.8568358,13.79212,-25.364157,-5.7908435,-3.0928195,-23.138336,-11.461592
090C15A8-5406-4EA5-97A3-81F6527227C0-1430147515-1.0-m-72-hu.wav,hungry,-341.2392,125.25603,-73.7344,-4.1225305,21.787447,-25.596094,-5.019836,-9.761853,-21.945238,5.8517404
7060a4f6-4c0c-494b-912c-ae60158b185a-1436931995150-1.7-f-04-hu.wav,hungry,-384.51935,158.22935,-8.274612,7.3141537,17.63154,-12.507112,4.8669505,3.033198,-17.010302,-2.213734
1f40790f-68f2-4e7e-845e-715bd97c82d0-1429979603276-1.7-m-72-hu.wav,hungry,-390.16623,120.94465,-37.87675,14.21255,12.572938,-27.098757,7.932964,-0.46873143,-21.84837,3.0397112
2e25d0a5-0b2b-44ef-8491-e445b16ea75c-1430056314272-1.7-f-26-hu.wav,hungry,-525.70844,96.4903,-6.5117397,-15.398549,-12.237064,-17.93809,0.58679074,3.044843,-11.98919,-10.801426
08E9485B-2772-444B-A636-77E14DD14A8C-1431493453-1.0-m-04-hu.wav,hungry,-475.99316,81.31662,-8.805759,-11.011595,1.6239809,-7.792771,-7.0370197,-8.346507,-15.1727,-12.378012
999bf14b-e417-4b44-b746-9253f81efe38-1430844940177-1.7-m-04-hu.wav,hungry,-487.59637,150.92403,1.5873827,-8.179845,19.232927,-1.9140847,-16.023891,-7.1812916,-1.242804,0.57995534
F95D4BCE-2FB0-4A0C-A058-BFB0674539AF-1430055950-1.0-m-26-hu.wav,hungry,-216.59056,142.48366,-98.893654,11.123556,26.581833,-36.761898,14.2977,3.0537372,-24.272127,17.577831
B400D2D0-9FCE-472E-A152-1FF349B9B407-1436845915-1.1-m-04-hu.wav,hungry,-472.04495,190.4315,-70.78889,13.040444,27.182371,-41.32314,1.0888678,1.3777754,-25.88797,4.4298573
35D58153-7AB7-443D-BED0-2D7ABF73743F-1431855847-1.1-m-04-hu.wav,hungry,-221.53523,145.80692,-131.42578,6.4699354,33.115273,-52.762836,3.6893144,10.253541,-22.990004,16.325235
8c2a1f03-07f4-4aee-a73f-bc57beb2b600-1430761324670-1.7-f-26-hu.wav,hungry,-306.75256,119.55846,-118.3429,-8.839162,14.273352,-42.56598,13.497775,7.859833,-25.200144,11.137047
31e785de-b0c9-464f-88e2-bd8f1dd5cda4-1433403682898-1.7-m-04-hu.wav,hungry,-342.00607,102.49032,-65.53193,-2.113238,18.533762,-26.974459,-3.1071672,0.108988516,-19.213194,0.5456819
719bb382-a592-46b7-82d2-8b4a625263b7-1430376501744-1.7-m-48-hu.wav,hungry,-423.66013,130.22249,-72.27689,-32.901684,9.433229,-29.642399,-11.801404,15.667455,-2.5729785,-8.203065
a40b9b8d-e4bc-457a-badf-f38bdbc0c358-1430017191818-1.7-m-26-hu.wav,hungry,-218.9404,128.53392,-84.020424,-32.49422,-4.2433405,-35.234676,10.190193,17.35138,-17.608288,-1.8350314
7E4B9C14-F955-4BED-9B03-7F3096A6CBFF-1430232180-1.0-f-26-hu.wav,hungry,-322.19418,94.438896,-43.65938,-15.280053,-3.2654846,-26.084993,-0.94509494,1.8203832,-14.222126,-1.0348061
177dc72e-d0f8-47ef-a5a7-3b46878e11a0-1430736358754-1.7-f-26-hu.wav,hungry,-287.08643,117.41986,-53.724762,-32.024326,0.80023634,-28.652225,-17.494152,2.3401453,-8.097133,-8.362892
5728DDD6-149B-412F-A14B-C29B9B5E415F-1432635035-1.0-m-26-hu.wav,hungry,-331.5023,146.16641,-57.7004,-2.7720919,16.079027,-32.51088,-3.7655752,6.303248,-10.586793,2.3027885
B327333E-2DE2-4833-A75A-4C576208BED3-1430087456-1.0-f-48-hu.wav,hungry,-340.79153,157.63478,-71.31065,5.616953,20.274818,-32.18867,11.689013,3.7955194,-28.607864,2.4441206
36f1b3ec-3d2a-470e-af6f-0a8cc11b2723-1430237012976-1.7-m-04-hu.wav,hungry,-392.19202,61.536655,-45.532475,-8.199673,26.069176,-2.2326827,-11.211157,-5.972731,-5.763446,1.172932
376C006E-3664-4056-80D0-7661F631A062-1436930593-1.1-m-26-hu.wav,hungry,-294.4872,130.08606,-59.55752,0.38780567,12.690939,-31.98477,5.550182,6.146419,-20.534552,1.9891127
9CFD61B9-BF13-406D-8B2F-F73CFAAF25CB-1430927704-1.0-f-04-hu.wav,hungry,-334.5947,149.69211,-18.928394,11.63456,10.657962,-31.84114,-2.9637935,2.5417616,-17.24681,-2.6290805
5728DDD6-149B-412F-A14B-C29B9B5E415F-1432635047-1.0-m-26-hu.wav,hungry,-284.45612,151.77507,-68.794716,1.5271034,21.190937,-33.077568,4.369207,10.338102,-17.578646,-0.73715633
52dfc27a-fbc4-4d9f-bbcf-6406c919324a-1430041657947-1.7-m-26-hu.wav,hungry,-308.846,100.88826,-80.15951,-18.243774,10.490862,-37.393578,-10.709998,7.24855,-13.194339,-1.2858707
1445575b-80ad-477b-8e48-36194cac728e-1430244987914-1.7-f-48-hu.wav,hungry,-346.69254,154.87492,-24.703728,-15.203682,-9.334646,-35.58203,-9.000037,-6.0211816,-19.633074,-0.48874465
549a46d8-9c84-430e-ade8-97eae2bef787-1430130686288-1.7-m-48-hu.wav,hungry,-616.7037,102.572525,-37.663208,-20.00921,4.640237,-22.938328,-17.543278,-0.42439193,-1.923553,-0.29279745
6639C63C-F634-489C-91B3-E3DB5930EFD5-1431370278-1.1-m-04-hu.wav,hungry,-306.94394,131.78438,-39.9653,-12.416713,8.386731,-29.688313,-25.253897,-25.315142,-28.51018,-0.32052973
7E4B9C14-F955-4BED-9B03-7F3096A6CBFF-1430232157-1.0-f-26-hu.wav,hungry,-385.7085,88.66966,-43.50803,-14.571089,5.7441044,-17.385674,-5.399049,-6.66685,-17.952663,-1.71808
21c07aff-0a8d-4e74-ad5e-e3c7f7bcb11b-1430031235662-1.7-m-04-hu.wav,hungry,-299.01895,123.08259,-66.30115,-23.676216,3.925242,-36.069496,-17.160635,-4.0804186,-12.412667,6.1462836
9CFD61B9-BF13-406D-8B2F-F73CFAAF25CB-1430927693-1.0-f-04-hu.wav,hungry,-313.28384,179.4318,-49.455452,20.370092,24.812824,-39.11698,4.4412956,12.714207,-14.072822,2.1316826
FAE74A94-9968-43ED-958C-50D7C4C1F13C-1430770858-1.0-f-22-hu.wav,hungry,-375.9075,89.07729,-29.987585,-5.273545,7.590438,-16.817839,-13.625742,-21.135126,-22.678526,-2.852978
1f40790f-68f2-4e7e-845e-715bd97c82d0-1429979568422-1.7-m-04-hu.wav,hungry,-274.93695,165.3155,-69.35124,-5.94345,12.034559,-44.610146,-11.196805,-0.1313893,-14.58279,4.6512866
3941D08C-5A97-48A4-8830-091D878137F6-1430099826-1.0-m-72-hu.wav,hungry,-205.54802,156.04193,-100.21227,-3.4315286,13.37048,-44.70695,16.376375,12.4187,-26.692871,10.785047
0a983cd2-0078-4698-a048-99ac01eb167a-1433917038889-1.7-f-04-hu.wav,hungry,-321.18253,136.566,-84.150116,-8.77894,2.982908,-61.860886,-6.8983636,11.6672325,-32.74779,-6.7923355
d6cda191-4962-4308-9a36-46d5648a95ed-1431882043380-1.7-m-04-hu.wav,hungry,-392.1322,91.39482,-105.71227,-1.5472895,35.00302,-32.63745,-2.3980813,13.108249,-17.912268,-2.1081321
7B924575-21FC-462A-969E-BABB46D1CBF5-1430055167-1.0-f-72-hu.wav,hungry,-365.79532,129.48285,-73.05021,-7.429204,11.305672,-37.579723,2.3700056,7.9215007,-27.97275,-9.410857
8f4dbf5a-b504-4452-b6ac-94e646a6a052-1430729451597-1.7-f-72-hu.wav,hungry,-660.22186,166.99628,-64.718185,20.130941,29.721346,-33.07421,10.124753,4.6805563,-24.287775,8.158473
92d08bbe-553f-4844-85b1-15d572f06ea2-1436873183951-1.7-m-04-hu.wav,hungry,-253.31004,152.05135,-64.301636,-13.996971,22.339436,-24.641623,-7.0267043,7.1652613,-12.02319,-3.7316384
F4A0C710-AC2D-42E0-8EA9-3E4CAC31EE20-1430318416-1.0-m-04-hu.wav,hungry,-281.12106,146.50403,-92.570206,-10.72543,12.283535,-41.48188,4.3713017,9.223299,-19.074606,2.3096755
24f2a4e1-7161-42a3-a2a2-a29a2422c0b8-1430814741368-1.7-f-26-hu.wav,hungry,-493.2699,59.99395,-15.668281,-2.2550886,9.234878,-3.7887473,3.740164,7.1566925,-0.04443747,2.5645237
4be720ce-a5e5-4a48-930f-a212f8a239f6-1434774947458-1.7-f-48-hu.wav,hungry,-409.2577,119.479614,-57.32874,-25.015116,4.4308743,-25.140327,-2.4022744,8.980846,-13.928625,-3.7647521
9aa8bac5-eeb9-4f19-a4bf-7c439e87364b-1430745312460-1.7-m-04-hu.wav,hungry,-538.5454,129.77353,-37.16201,16.249123,11.711384,-26.278461,14.445986,2.986912,-19.50563,9.770538
3bb2445a-9ae9-4dc8-9a2e-86c696ffa405-1430142760958-1.7-m-26-hu.wav,hungry,-283.99036,136.9159,-93.76942,-9.916786,12.652517,-48.79227,-4.9279685,5.2656746,-22.4579,8.520598
5afc6a14-a9d8-45f8-b31d-c79dd87cc8c6-1430757081034-1.7-m-48-hu.wav,hungry,-260.62164,156.60329,-108.586876,6.3018947,16.401155,-55.345146,10.662009,7.83309,-32.769997,6.5099177
02ead89b-aa02-453e-8b83-6ebde9fe7551-1430233132879-1.7-m-26-hu.wav,hungry,-520.468,135.2354,-20.191483,4.1655965,15.904405,-22.90343,-5.1958613,7.2434616,-10.775632,-3.8011498
8f5c01dc-6826-4076-a831-027ad61afdaf-1435873509176-1.7-f-26-hu.wav,hungry,-334.05777,87.1316,-80.18077,-11.225286,10.37534,-24.795998,3.274203,-5.449967,-18.379284,12.124112
40a4c760-facf-4911-b0a6-22eccc3ab18d-1430477717469-1.7-f-26-hu.wav,hungry,-186.80481,152.99649,-107.444916,31.078875,29.23146,-54.22446,17.509409,7.4905586,-30.621298,13.733686
F24DE44B-762C-4149-AC92-96A5E57ED118-1430816936-1.0-m-04-hu.wav,hungry,-309.3634,118.156364,-37.827435,-1.0072879,0.6868567,-39.72569,-17.874252,-16.215044,-21.402838,-0.2653842
9aa8bac5-eeb9-4f19-a4bf-7c439e87364b-1430745385374-1.7-m-04-hu.wav,hungry,-371.51718,151.67801,-68.10482,-11.374051,8.9471445,-48.494614,-12.166808,16.789808,-5.349892,-6.348115
aaa57dbd-7b88-454a-963e-6faa2f4ed4e7-1436910225455-1.7-f-04-hu.wav,hungry,-489.53845,40.27445,-5.9915056,5.750244,9.834622,-1.8231685,2.8659256,0.98114216,-7.6083536,-3.8969069
